checkpoint,core,adaptation_mode,layer,head,learned_bias,fixed_config_bias,total_zero_input_logit,gamma_zero_input,one_minus_gamma,half_life_tokens,efold_tokens,weight_l2,weight_rms,parameter
polar-local,polar,local,10,0,0.9635574221611023,3.9,4.863557422161103,0.9923362258974733,0.007663774102526686,90.09760778138339,129.9833719421607,3.4555552005767822,0.10798610746860504,blocks.10.attn.base.mem.w_gamma
polar-local,polar,local,10,1,1.7571660280227661,3.9,5.6571660280227665,0.9965197541599771,0.0034802458400228923,198.81937950006088,286.83573283735865,5.348006725311279,0.16712519526481628,blocks.10.attn.base.mem.w_gamma
polar-local,polar,local,10,2,-1.2293055057525635,3.9,2.6706944942474364,0.9352750857301702,0.06472491426982983,10.358686298028495,14.944425352290166,2.5718636512756348,0.08037073910236359,blocks.10.attn.base.mem.w_gamma
polar-local,polar,local,10,3,-0.7949596047401428,3.9,3.105040395259857,0.9571001782800561,0.042899821719943866,15.808237857905938,22.80646636279407,3.1203866004943848,0.09751208126544952,blocks.10.attn.base.mem.w_gamma
polar-local,polar,local,10,4,0.0070129455998539925,3.9,3.907012945599854,0.9802956144450452,0.01970438555495485,34.82958188720943,50.24846506491311,3.5358493328094482,0.11049529165029526,blocks.10.attn.base.mem.w_gamma
polar-local,polar,local,10,5,1.5156513452529907,3.9,5.415651345252991,0.9955732426129202,0.004426757387079732,156.23441459551972,225.3986151531466,4.997652053833008,0.1561766266822815,blocks.10.attn.base.mem.w_gamma
polar-local,polar,local,10,6,1.1465262174606323,3.9,5.046526217460633,0.9936094648083343,0.006390535191665682,108.11770886076125,155.980882405697,3.7057533264160156,0.11580479145050049,blocks.10.attn.base.mem.w_gamma
polar-local,polar,local,10,7,-0.8576908707618713,3.9,3.0423091292381286,0.9544493258948002,0.045550674105199716,14.867790068460172,21.449687000745673,2.972475528717041,0.09288985282182693,blocks.10.attn.base.mem.w_gamma
polar-local,polar,local,14,0,-0.5979855060577393,3.9,3.3020144939422607,0.9644978550938359,0.035502144906164046,19.17543153210293,27.66429997827076,2.631953477859497,0.08224854618310928,blocks.14.attn.base.mem.w_gamma
polar-local,polar,local,14,1,1.212957739830017,3.9,5.1129577398300174,0.9940177465960495,0.0059822534039505855,115.520318095855,166.6605900388056,3.499824285507202,0.10936950892210007,blocks.14.attn.base.mem.w_gamma
polar-local,polar,local,14,2,1.1689621210098267,3.9,5.068962121009827,0.993750359719695,0.006249640280304896,110.5629966113353,159.5086869169967,3.7780137062072754,0.11806292086839676,blocks.14.attn.base.mem.w_gamma
polar-local,polar,local,14,3,0.09216375648975372,3.9,3.9921637564897536,0.9818748567060779,0.01812514329392214,37.894670588656,54.67045333437487,2.9530956745147705,0.09228423982858658,blocks.14.attn.base.mem.w_gamma
polar-local,polar,local,14,4,-0.7442957162857056,3.9,3.1557042837142943,0.9591328990178423,0.040867100982157754,16.61202318367926,23.96608346622656,2.1992311477661133,0.06872596591711044,blocks.14.attn.base.mem.w_gamma
polar-local,polar,local,14,5,1.5154889822006226,3.9,5.415488982200623,0.9955725269951955,0.0044274730048044575,156.20910614133044,225.36210277179515,4.137001991271973,0.12928131222724915,blocks.14.attn.base.mem.w_gamma
polar-local,polar,local,14,6,-0.8171483874320984,3.9,3.0828516125679015,0.9561798226330916,0.04382017736690839,15.468829423969035,22.31680349831741,2.816330671310425,0.08801033347845078,blocks.14.attn.base.mem.w_gamma
polar-local,polar,local,14,7,-1.6966525316238403,3.9,2.2033474683761596,0.9005497121451854,0.09945028785481459,6.617162487158268,9.546547504979712,2.692115545272827,0.08412861078977585,blocks.14.attn.base.mem.w_gamma
polar-local,polar,local,2,0,0.6802116632461548,3.9,4.580211663246155,0.9898513256354635,0.010148674364536465,67.95212001441588,98.03418656268948,2.6699938774108887,0.08343730866909027,blocks.2.attn.base.mem.w_gamma
polar-local,polar,local,2,1,-1.652313232421875,3.9,2.247686767578125,0.9044508135667323,0.09554918643326775,6.901975844678968,9.957446323453762,1.3654122352600098,0.042669132351875305,blocks.2.attn.base.mem.w_gamma
polar-local,polar,local,2,2,0.5625612735748291,3.9,4.4625612735748295,0.9885987019350628,0.011401298064937159,60.44822582673628,87.2083556307686,2.596850633621216,0.08115158975124359,blocks.2.attn.base.mem.w_gamma
polar-local,polar,local,2,3,-0.6676079630851746,3.9,3.2323920369148254,0.9620352150156466,0.03796478498435339,17.908825649742763,25.836973953028952,1.213496208190918,0.037921756505966187,blocks.2.attn.base.mem.w_gamma
polar-local,polar,local,2,4,-1.5912600755691528,3.9,2.308739924430847,0.9095982937078766,0.09040170629212343,7.315366711428983,10.5538432768628,1.3973000049591064,0.043665628880262375,blocks.2.attn.base.mem.w_gamma
polar-local,polar,local,2,5,-0.7954924702644348,3.9,3.104507529735565,0.9570782937970022,0.042921706202997796,15.7999983949769,22.794579330486755,1.401822566986084,0.04380695894360542,blocks.2.attn.base.mem.w_gamma
polar-local,polar,local,2,6,10.765563011169434,3.9,14.665563011169434,0.9999995726076694,4.273923305893018e-07,1621805.03211489,2339770.077120918,2.631582498550415,0.08223696053028107,blocks.2.attn.base.mem.w_gamma
polar-local,polar,local,2,7,0.29267269372940063,3.9,4.192672693729401,0.9851189337257573,0.014881066274242722,46.231694423301484,66.69823627639099,1.49587881565094,0.04674621298909187,blocks.2.attn.base.mem.w_gamma
polar-local,polar,local,6,0,1.422682523727417,3.9,5.322682523727417,0.9951440489385314,0.004855951061468655,142.39494221564954,205.43247698218812,4.457902431488037,0.13930948078632355,blocks.6.attn.base.mem.w_gamma
polar-local,polar,local,6,1,-1.0401322841644287,3.9,2.859867715835571,0.9458265218482338,0.05417347815176617,12.445163804296428,17.954576103509282,2.5698258876800537,0.08030705153942108,blocks.6.attn.base.mem.w_gamma
polar-local,polar,local,6,2,-0.9529275894165039,3.9,2.947072410583496,0.950124939860856,0.049875060139143945,13.548142390911888,19.545837840626124,2.8582704067230225,0.08932095021009445,blocks.6.attn.base.mem.w_gamma
polar-local,polar,local,6,3,-1.9634296894073486,3.9,1.9365703105926513,0.8739748721720625,0.12602512782793754,5.145719209425381,7.423703585245075,1.9451072216033936,0.06078460440039635,blocks.6.attn.base.mem.w_gamma
polar-local,polar,local,6,4,-0.4408804774284363,3.9,3.4591195225715636,0.9695019436041057,0.030498056395894285,22.37922275592906,32.28639368892829,2.6987743377685547,0.08433669805526733,blocks.6.attn.base.mem.w_gamma
polar-local,polar,local,6,5,-1.4181967973709106,3.9,2.4818032026290893,0.9228562704259057,0.07714372957409432,8.63392926441232,12.456126933153751,1.9257303476333618,0.06017907336354256,blocks.6.attn.base.mem.w_gamma
polar-local,polar,local,6,6,2.0212478637695312,3.9,5.921247863769532,0.9973253215876013,0.0026746784123986437,258.80486815595907,373.37649984652415,4.687800884246826,0.14649377763271332,blocks.6.attn.base.mem.w_gamma
polar-local,polar,local,6,7,0.27659857273101807,3.9,4.176598572731018,0.984881446438525,0.015118553561475009,45.49999990718179,65.64262422653947,2.638345956802368,0.08244830369949341,blocks.6.attn.base.mem.w_gamma
polar-lm_output,polar,lm_output,10,0,0.9844610095024109,3.9,4.884461009502411,0.9924935734428822,0.007506426557117785,91.99349106148775,132.71855334847154,3.4785819053649902,0.10870567709207535,blocks.10.attn.base.mem.w_gamma
polar-lm_output,polar,lm_output,10,1,1.7236316204071045,3.9,5.623631620407105,0.9964014943476129,0.003598505652387088,192.2740579137069,277.3928298437023,5.319421291351318,0.1662319153547287,blocks.10.attn.base.mem.w_gamma
polar-lm_output,polar,lm_output,10,2,-1.229671597480774,3.9,2.670328402519226,0.9352529206160652,0.06474707938393473,10.355018833979937,14.939134320094672,2.583582878112793,0.08073696494102478,blocks.10.attn.base.mem.w_gamma
polar-lm_output,polar,lm_output,10,3,-0.7948061227798462,3.9,3.1051938772201537,0.9571064797193032,0.04289352028069686,15.810611895575247,22.809891375166465,3.128279209136963,0.09775872528553009,blocks.10.attn.base.mem.w_gamma
polar-lm_output,polar,lm_output,10,4,0.008726346306502819,3.9,3.9087263463065027,0.980328683481521,0.01967131651847897,34.888719663273186,50.333782841169494,3.5605366230010986,0.11126678436994553,blocks.10.attn.base.mem.w_gamma
polar-lm_output,polar,lm_output,10,5,1.4315073490142822,3.9,5.331507349014283,0.9951865079637727,0.0048134920362272425,143.65404670318685,207.24898078231922,4.8903279304504395,0.15282273292541504,blocks.10.attn.base.mem.w_gamma
polar-lm_output,polar,lm_output,10,6,1.1446274518966675,3.9,5.044627451896668,0.9935973969167606,0.006402603083239336,107.9132694875989,155.68593873587324,3.7011821269989014,0.11566194891929626,blocks.10.attn.base.mem.w_gamma
polar-lm_output,polar,lm_output,10,7,-0.860029399394989,3.9,3.039970600605011,0.9543475483508488,0.045652451649151174,14.833859014201465,21.400734837034502,2.9822492599487305,0.09319529682397842,blocks.10.attn.base.mem.w_gamma
polar-lm_output,polar,lm_output,14,0,-0.6008850932121277,3.9,3.2991149067878722,0.9643984343414277,0.0356015656585723,19.120902694417232,27.585631494556164,2.6371164321899414,0.08240988850593567,blocks.14.attn.base.mem.w_gamma
polar-lm_output,polar,lm_output,14,1,1.2071274518966675,3.9,5.107127451896668,0.9939829769394447,0.006017023060555274,114.85077167675988,165.6946387403321,3.4695839881896973,0.10842449963092804,blocks.14.attn.base.mem.w_gamma
polar-lm_output,polar,lm_output,14,2,1.1555951833724976,3.9,5.055595183372498,0.9936667929632166,0.006333207036783416,109.09953362710907,157.39735612712894,3.7302870750427246,0.11657147109508514,blocks.14.attn.base.mem.w_gamma
polar-lm_output,polar,lm_output,14,3,0.09935428947210312,3.9,3.999354289472103,0.9820023814921403,0.017997618507859754,38.165649564315586,55.06139335874413,2.968038320541382,0.09275119751691818,blocks.14.attn.base.mem.w_gamma
polar-lm_output,polar,lm_output,14,4,-0.7483653426170349,3.9,3.151634657382965,0.9589730835571834,0.04102691644281661,16.54594397937056,23.870751325864507,2.2085602283477783,0.06901750713586807,blocks.14.attn.base.mem.w_gamma
polar-lm_output,polar,lm_output,14,5,1.5034244060516357,3.9,5.403424406051636,0.9955190286954364,0.004480971304563544,154.33998229852097,222.6655270729666,4.12919282913208,0.1290372759103775,blocks.14.attn.base.mem.w_gamma
polar-lm_output,polar,lm_output,14,6,-0.8188019394874573,3.9,3.0811980605125426,0.9561104865669529,0.043889513433047096,15.443836184791595,22.28074587610036,2.818657398223877,0.08808304369449615,blocks.14.attn.base.mem.w_gamma
polar-lm_output,polar,lm_output,14,7,-1.7023389339447021,3.9,2.1976610660552978,0.9000392771264845,0.0999607228735156,6.581539551006738,9.495154471651997,2.7023415565490723,0.08444817364215851,blocks.14.attn.base.mem.w_gamma
polar-lm_output,polar,lm_output,2,0,0.6619572043418884,3.9,4.561957204341889,0.9896662978298474,0.010333702170152637,66.72919160017132,96.26987380409665,2.6514806747436523,0.08285877108573914,blocks.2.attn.base.mem.w_gamma
polar-lm_output,polar,lm_output,2,1,-1.623896837234497,3.9,2.276103162765503,0.9068784807308994,0.09312151926910066,7.091250646060777,10.230512140772541,1.340749740600586,0.04189842939376831,blocks.2.attn.base.mem.w_gamma
polar-lm_output,polar,lm_output,2,2,0.5557900071144104,3.9,4.455790007114411,0.9885221278545109,0.011477872145489114,60.04262730794433,86.62320065911554,2.6362862586975098,0.08238393813371658,blocks.2.attn.base.mem.w_gamma
polar-lm_output,polar,lm_output,2,3,-0.6613908410072327,3.9,3.2386091589927672,0.9622616346992146,0.037738365300785434,18.01837996689604,25.995027423093962,1.2013936042785645,0.03754355013370514,blocks.2.attn.base.mem.w_gamma
polar-lm_output,polar,lm_output,2,4,-1.5665936470031738,3.9,2.333406352996826,0.9116062069184002,0.08839379308159974,7.489663481551247,10.805300362761152,1.3372191190719604,0.04178810119628906,blocks.2.attn.base.mem.w_gamma
polar-lm_output,polar,lm_output,2,5,-0.7750579118728638,3.9,3.124942088127136,0.957909937227067,0.042090062772933,16.119133326972374,23.254993714251064,1.3776686191558838,0.04305214434862137,blocks.2.attn.base.mem.w_gamma
polar-lm_output,polar,lm_output,2,6,11.186985969543457,3.9,15.086985969543457,0.9999997195824936,2.8041750643019594e-07,2471839.551669301,3566110.663066499,2.6580922603607178,0.08306538313627243,blocks.2.attn.base.mem.w_gamma
polar-lm_output,polar,lm_output,2,7,0.30262815952301025,3.9,4.202628159523011,0.9852641744207605,0.014735825579239477,46.69080078591527,67.36058674897448,1.5081433057785034,0.04712947830557823,blocks.2.attn.base.mem.w_gamma
polar-lm_output,polar,lm_output,6,0,1.4287316799163818,3.9,5.328731679916382,0.9951731933220316,0.004826806677968418,143.2568225674913,206.67590749162983,4.462010860443115,0.13943785429000854,blocks.6.attn.base.mem.w_gamma
polar-lm_output,polar,lm_output,6,1,-1.0401644706726074,3.9,2.8598355293273925,0.9458248726293321,0.05417512737066792,12.444774194945733,17.954014016031152,2.574381113052368,0.0804494097828865,blocks.6.attn.base.mem.w_gamma
polar-lm_output,polar,lm_output,6,2,-0.9574492573738098,3.9,2.94255074262619,0.9499102325149994,0.05008976748500059,13.488557648772055,19.45987522862834,2.8624536991119385,0.08945167809724808,blocks.6.attn.base.mem.w_gamma
polar-lm_output,polar,lm_output,6,3,-1.9649994373321533,3.9,1.9350005626678466,0.8738018742259275,0.12619812577407252,5.138168045224036,7.412809558098856,1.9493528604507446,0.06091727688908577,blocks.6.attn.base.mem.w_gamma
polar-lm_output,polar,lm_output,6,4,-0.44450801610946655,3.9,3.4554919838905334,0.9693945019426325,0.03060549805736742,22.29943037855969,32.17127762179677,2.7024152278900146,0.08445047587156296,blocks.6.attn.base.mem.w_gamma
polar-lm_output,polar,lm_output,6,5,-1.4186909198760986,3.9,2.4813090801239013,0.9228210852216334,0.07717891477836662,8.629830814845258,12.450214120288017,1.9358409643173218,0.060495030134916306,blocks.6.attn.base.mem.w_gamma
polar-lm_output,polar,lm_output,6,6,1.9957062005996704,3.9,5.895706200599671,0.9972563157791912,0.002743684220808808,252.28699840843498,363.97320148461097,4.621068954467773,0.14440840482711792,blocks.6.attn.base.mem.w_gamma
polar-lm_output,polar,lm_output,6,7,0.28540441393852234,3.9,4.185404413938523,0.985012006953998,0.01498799304600192,45.899385061297004,66.21881520778616,2.668135166168213,0.08337921649217606,blocks.6.attn.base.mem.w_gamma
polar-kl,polar,kl,10,0,1.0019011497497559,3.9,4.901901149749756,0.9926223941584915,0.0073776058415084755,93.60586028223749,135.0447104273292,3.504473924636841,0.10951479524374008,blocks.10.attn.base.mem.w_gamma
polar-kl,polar,kl,10,1,1.6759339570999146,3.9,5.575933957099915,0.9962263581546984,0.0037736418453015695,183.33443930473962,264.4956864091065,5.2075700759887695,0.16273656487464905,blocks.10.attn.base.mem.w_gamma
polar-kl,polar,kl,10,2,-1.229573369026184,3.9,2.670426630973816,0.9352588685755232,0.06474113142447684,10.356002743436001,14.940553801387619,2.5906152725219727,0.08095672726631165,blocks.10.attn.base.mem.w_gamma
polar-kl,polar,kl,10,3,-0.7884911298751831,3.9,3.111508870124817,0.9573649862597443,0.04263501374025565,15.908607823354856,22.95126961420142,3.134112596511841,0.09794101864099503,blocks.10.attn.base.mem.w_gamma
polar-kl,polar,kl,10,4,0.010577148757874966,3.9,3.910577148757875,0.9803643433030259,0.0196356566969741,34.952713776903146,50.42610683154952,3.5760891437530518,0.11175277829170227,blocks.10.attn.base.mem.w_gamma
polar-kl,polar,kl,10,5,1.3076928853988647,3.9,5.207692885398865,0.9945555157384111,0.005444484261588967,126.9649274384293,183.17167118224904,4.600339412689209,0.14376060664653778,blocks.10.attn.base.mem.w_gamma
polar-kl,polar,kl,10,6,1.1447592973709106,3.9,5.044759297370911,0.9935982356116337,0.0064017643883662635,107.92745270227879,155.70640078935577,3.6772031784057617,0.11491260677576065,blocks.10.attn.base.mem.w_gamma
polar-kl,polar,kl,10,7,-0.8617028594017029,3.9,3.038297140598297,0.9542745830735162,0.04572541692648379,14.809626466923204,21.365774661248047,2.9997076988220215,0.09374086558818817,blocks.10.attn.base.mem.w_gamma
polar-kl,polar,kl,14,0,-0.6086128950119019,3.9,3.291387104988098,0.9641321529667681,0.03586784703323183,18.976345481558972,27.37707952044082,2.645465135574341,0.08267078548669815,blocks.14.attn.base.mem.w_gamma
polar-kl,polar,kl,14,1,1.1992284059524536,3.9,5.099228405952454,0.993935549363853,0.006064450636146972,113.94985510960056,164.39489087663665,3.453563928604126,0.10792387276887894,blocks.14.attn.base.mem.w_gamma
polar-kl,polar,kl,14,2,1.132459044456482,3.9,5.032459044456482,0.9935195194633035,0.0064804805366964315,106.61227659404345,153.809002740109,3.6522350311279297,0.1141323521733284,blocks.14.attn.base.mem.w_gamma
polar-kl,polar,kl,14,3,0.09946446865797043,3.9,3.9994644686579703,0.9820043286630745,0.01799567133692544,38.169816898998306,55.067405551824606,2.9679248332977295,0.09274766594171524,blocks.14.attn.base.mem.w_gamma
polar-kl,polar,kl,14,4,-0.7569347023963928,3.9,3.143065297603607,0.9586346039587499,0.04136539604125009,16.407677806172078,23.671275403468364,2.2192888259887695,0.06935277581214905,blocks.14.attn.base.mem.w_gamma
polar-kl,polar,kl,14,5,1.4630948305130005,3.9,5.363094830513001,0.9953354796261071,0.004664520373892896,148.2530390778716,213.88392427436304,3.966322660446167,0.12394758313894272,blocks.14.attn.base.mem.w_gamma
polar-kl,polar,kl,14,6,-0.824377179145813,3.9,3.075622820854187,0.9558759356982913,0.04412406430170867,15.359870945170284,22.159609641291645,2.8238322734832764,0.08824475854635239,blocks.14.attn.base.mem.w_gamma
polar-kl,polar,kl,14,7,-1.7147468328475952,3.9,2.1852531671524047,0.898917401922514,0.10108259807748601,6.5045076949329355,9.38402099490385,2.7218286991119385,0.08505714684724808,blocks.14.attn.base.mem.w_gamma
polar-kl,polar,kl,2,0,0.6494419574737549,3.9,4.549441957473755,0.9895375179214692,0.010462482078530889,65.9035589498316,95.07873767385553,2.6392180919647217,0.08247557282447815,blocks.2.attn.base.mem.w_gamma
polar-kl,polar,kl,2,1,-1.6141270399093628,3.9,2.285872960090637,0.9077002659252311,0.09229973407476884,7.157575427340929,10.326198573813462,1.3310731649398804,0.04159603640437126,blocks.2.attn.base.mem.w_gamma
polar-kl,polar,kl,2,2,0.5657699108123779,3.9,4.465769910812378,0.9886348108349258,0.011365189165074181,60.641384179542904,87.48702422846898,2.6548593044281006,0.08296435326337814,blocks.2.attn.base.mem.w_gamma
polar-kl,polar,kl,2,3,-0.6536964774131775,3.9,3.2463035225868224,0.9625400575415808,0.03745994245841918,18.154911601001178,26.192000934541912,1.203584909439087,0.037612028419971466,blocks.2.attn.base.mem.w_gamma
polar-kl,polar,kl,2,4,-1.5548416376113892,3.9,2.3451583623886108,0.9125486182399866,0.08745138176001342,7.574227186868846,10.927300001062049,1.316133975982666,0.04112919047474861,blocks.2.attn.base.mem.w_gamma
polar-kl,polar,kl,2,5,-0.7738837599754333,3.9,3.1261162400245666,0.9579572518134857,0.04204274818651435,16.13766935526214,23.281735550342486,1.3625813722610474,0.04258067160844803,blocks.2.attn.base.mem.w_gamma
polar-kl,polar,kl,2,6,11.586357116699219,3.9,15.486357116699219,0.9999998119122645,1.8808773549969912e-07,3685232.923519409,5316667.263282188,2.7004270553588867,0.08438834547996521,blocks.2.attn.base.mem.w_gamma
polar-kl,polar,kl,2,7,0.2991105318069458,3.9,4.199110531806946,0.9852130158321208,0.014786984167879132,46.52805942648088,67.12580059677096,1.5111818313598633,0.04722442850470543,blocks.2.attn.base.mem.w_gamma
polar-kl,polar,kl,6,0,1.4139161109924316,3.9,5.313916110992432,0.9951015019731446,0.004898498026855395,141.15512495745614,203.64379877218394,4.450665473937988,0.13908329606056213,blocks.6.attn.base.mem.w_gamma
polar-kl,polar,kl,6,1,-1.0394890308380127,3.9,2.860510969161987,0.9458594718699138,0.054140528130086234,12.452952848203042,17.96581331852662,2.578050136566162,0.08056405931711197,blocks.6.attn.base.mem.w_gamma
polar-kl,polar,kl,6,2,-0.9514439702033997,3.9,2.9485560297966003,0.9501951979912081,0.049804802008791935,13.56775168644241,19.574128074043337,2.8685529232025146,0.08964227139949799,blocks.6.attn.base.mem.w_gamma
polar-kl,polar,kl,6,3,-1.9542392492294312,3.9,1.9457607507705688,0.8749836586471227,0.1250163413528773,5.190167161023853,7.487828424593862,1.9545658826828003,0.06108018383383751,blocks.6.attn.base.mem.w_gamma
polar-kl,polar,kl,6,4,-0.4409002959728241,3.9,3.459099704027176,0.96950135760542,0.030498642394580014,22.378786034853125,32.285763633597796,2.7013957500457764,0.08441861718893051,blocks.6.attn.base.mem.w_gamma
polar-kl,polar,kl,6,5,-1.4114184379577637,3.9,2.4885815620422362,0.923337458226424,0.076662541773576,8.690356393524038,12.537534072494827,1.9308494329452515,0.06033904105424881,blocks.6.attn.base.mem.w_gamma
polar-kl,polar,kl,6,6,1.9763057231903076,3.9,5.876305723190308,0.9972027176579011,0.002797282342098877,247.4463350901769,356.9896005207469,4.557175159454346,0.1424117237329483,blocks.6.attn.base.mem.w_gamma
polar-kl,polar,kl,6,7,0.29084211587905884,3.9,4.190842115879059,0.9850920743048793,0.014907925695120654,46.1477718126549,66.57716154219271,2.678922414779663,0.08371633291244507,blocks.6.attn.base.mem.w_gamma
polar-lm_output_kl,polar,lm_output_kl,10,0,0.999009370803833,3.9,4.899009370803833,0.9926011869540284,0.00739881304597154,93.33656213073034,134.6561953196293,3.50258469581604,0.10945577919483185,blocks.10.attn.base.mem.w_gamma
polar-lm_output_kl,polar,lm_output_kl,10,1,1.6754170656204224,3.9,5.575417065620423,0.9962244144536027,0.0037755855463973875,183.23987865139566,264.359264223464,5.202779293060303,0.16258685290813446,blocks.10.attn.base.mem.w_gamma
polar-lm_output_kl,polar,lm_output_kl,10,2,-1.2295517921447754,3.9,2.6704482078552245,0.9352601750373235,0.06473982496267648,10.356218882115634,14.940865623588872,2.5890390872955322,0.08090747147798538,blocks.10.attn.base.mem.w_gamma
polar-lm_output_kl,polar,lm_output_kl,10,3,-0.7899278402328491,3.9,3.110072159767151,0.9573063051167621,0.042693694883237945,15.886258587593485,22.91902648260083,3.133868932723999,0.09793340414762497,blocks.10.attn.base.mem.w_gamma
polar-lm_output_kl,polar,lm_output_kl,10,4,0.010914783924818039,3.9,3.910914783924818,0.9803708417589382,0.01962915824106183,34.9644007692443,50.44296759744301,3.576085090637207,0.11175266653299332,blocks.10.attn.base.mem.w_gamma
polar-lm_output_kl,polar,lm_output_kl,10,5,1.3038897514343262,3.9,5.2038897514343265,0.9945348835881124,0.0054651164118876645,126.48429301437137,182.47826228218014,4.596933841705322,0.14365418255329132,blocks.10.attn.base.mem.w_gamma
polar-lm_output_kl,polar,lm_output_kl,10,6,1.1450878381729126,3.9,5.045087838172913,0.9936003250491311,0.006399674950868916,107.96280346067394,155.7574011531841,3.674269437789917,0.1148209199309349,blocks.10.attn.base.mem.w_gamma
polar-lm_output_kl,polar,lm_output_kl,10,7,-0.8615542650222778,3.9,3.038445734977722,0.9542810664926363,0.04571893350736368,14.811776549108671,21.368876574154523,3.0008652210235596,0.09377703815698624,blocks.10.attn.base.mem.w_gamma
polar-lm_output_kl,polar,lm_output_kl,14,0,-0.6043905019760132,3.9,3.2956094980239867,0.9642778831842347,0.03572211681576528,19.05519166303269,27.490830515445985,2.6498007774353027,0.08280628174543381,blocks.14.attn.base.mem.w_gamma
polar-lm_output_kl,polar,lm_output_kl,14,1,1.2014816999435425,3.9,5.101481699943543,0.9939491163777896,0.006050883622210394,114.20612689989872,164.76461291761953,3.4583487510681152,0.108073391020298,blocks.14.attn.base.mem.w_gamma
polar-lm_output_kl,polar,lm_output_kl,14,2,1.1317942142486572,3.9,5.031794214248658,0.9935152375599451,0.006484762440054934,106.54165092556887,153.70711143844125,3.6540536880493164,0.11418918520212173,blocks.14.attn.base.mem.w_gamma
polar-lm_output_kl,polar,lm_output_kl,14,3,0.10099143534898758,3.9,4.000991435348988,0.982031293103312,0.017968706896687964,38.22761903791111,55.150796410986885,2.9738166332244873,0.09293176978826523,blocks.14.attn.base.mem.w_gamma
polar-lm_output_kl,polar,lm_output_kl,14,4,-0.7554101347923279,3.9,3.144589865207672,0.9586950173660389,0.041304982633961145,16.432190083004,23.706639143694673,2.2183871269226074,0.06932460516691208,blocks.14.attn.base.mem.w_gamma
polar-lm_output_kl,polar,lm_output_kl,14,5,1.4622223377227783,3.9,5.362222337722779,0.9953314270980405,0.004668572901959539,148.12404756246136,213.69782885476394,3.9630300998687744,0.1238446980714798,blocks.14.attn.base.mem.w_gamma
polar-lm_output_kl,polar,lm_output_kl,14,6,-0.8222882151603699,3.9,3.07771178483963,0.9559639583497638,0.04403604165023622,15.391276731760033,22.204918613859892,2.824406147003174,0.08826269209384918,blocks.14.attn.base.mem.w_gamma
polar-lm_output_kl,polar,lm_output_kl,14,7,-1.7112948894500732,3.9,2.1887051105499267,0.8992306307965636,0.10076936920343633,6.525842659036994,9.414800841814317,2.7188565731048584,0.08496426790952682,blocks.14.attn.base.mem.w_gamma
polar-lm_output_kl,polar,lm_output_kl,2,0,0.6484270095825195,3.9,4.54842700958252,0.9895270049245932,0.010472995075406721,65.8370545501575,94.9827921062484,2.639171600341797,0.08247411251068115,blocks.2.attn.base.mem.w_gamma
polar-lm_output_kl,polar,lm_output_kl,2,1,-1.6169582605361938,3.9,2.283041739463806,0.9074627909085923,0.09253720909140775,7.138288331464899,10.298373176239965,1.3337311744689941,0.041679102927446365,blocks.2.attn.base.mem.w_gamma
polar-lm_output_kl,polar,lm_output_kl,2,2,0.5624237656593323,3.9,4.462423765659333,0.9885971519367945,0.011402848063205462,60.43996176037209,87.1964331032074,2.6586503982543945,0.08308281749486923,blocks.2.attn.base.mem.w_gamma
polar-lm_output_kl,polar,lm_output_kl,2,3,-0.6543655395507812,3.9,3.2456344604492187,0.9625159259049657,0.03748407409503425,18.14299777827679,26.17481292157941,1.1969199180603027,0.03740375116467476,blocks.2.attn.base.mem.w_gamma
polar-lm_output_kl,polar,lm_output_kl,2,4,-1.5581676959991455,3.9,2.3418323040008544,0.9122828222119586,0.0877171777880414,7.550193153535719,10.892626220359785,1.3227229118347168,0.0413350909948349,blocks.2.attn.base.mem.w_gamma
polar-lm_output_kl,polar,lm_output_kl,2,5,-0.7714874148368835,3.9,3.1285125851631164,0.9580536591407857,0.04194634085921432,16.17556741160074,23.33641088828151,1.3718513250350952,0.042870357632637024,blocks.2.attn.base.mem.w_gamma
polar-lm_output_kl,polar,lm_output_kl,2,6,11.529998779296875,3.9,15.429998779296875,0.9999998010075551,1.9899244489600287e-07,3483283.5586128333,5025315.916020796,2.6954829692840576,0.0842338353395462,blocks.2.attn.base.mem.w_gamma
polar-lm_output_kl,polar,lm_output_kl,2,7,0.2984476387500763,3.9,4.198447638750077,0.9852033554809561,0.014796644519043996,46.49745504801437,67.08164781172783,1.507205605506897,0.04710017889738083,blocks.2.attn.base.mem.w_gamma
polar-lm_output_kl,polar,lm_output_kl,6,0,1.4118046760559082,3.9,5.311804676055909,0.9950911990111256,0.0049088009888743215,140.85812931897877,203.215324637387,4.446568012237549,0.1389552354812622,blocks.6.attn.base.mem.w_gamma
polar-lm_output_kl,polar,lm_output_kl,6,1,-1.0407894849777222,3.9,2.8592105150222777,0.9457928378566467,0.05420716214335326,12.43721104284415,17.943102694000707,2.5755300521850586,0.08048531413078308,blocks.6.attn.base.mem.w_gamma
polar-lm_output_kl,polar,lm_output_kl,6,2,-0.9495071768760681,3.9,2.950492823123932,0.9502867754698692,0.049713224530130884,13.593394476069022,19.61112279947221,2.8620762825012207,0.08943987637758255,blocks.6.attn.base.mem.w_gamma
polar-lm_output_kl,polar,lm_output_kl,6,3,-1.9612377882003784,3.9,1.9387622117996215,0.8742160964653415,0.1257839035346585,5.156282994013525,7.438943904883408,1.9511009454727173,0.060971908271312714,blocks.6.attn.base.mem.w_gamma
polar-lm_output_kl,polar,lm_output_kl,6,4,-0.4431911110877991,3.9,3.456808888912201,0.9694335487940001,0.030566451205999823,22.32836394246559,32.21301993095905,2.7049825191497803,0.08453070372343063,blocks.6.attn.base.mem.w_gamma
polar-lm_output_kl,polar,lm_output_kl,6,5,-1.4142616987228394,3.9,2.4857383012771606,0.9231359544799159,0.07686404552008406,8.666640855043147,12.503319782736435,1.9308805465698242,0.06034001708030701,blocks.6.attn.base.mem.w_gamma
polar-lm_output_kl,polar,lm_output_kl,6,6,1.97512948513031,3.9,5.87512948513031,0.9971994346721539,0.0028005653278461388,247.1558574344156,356.570529847291,4.558169364929199,0.14244280755519867,blocks.6.attn.base.mem.w_gamma
polar-lm_output_kl,polar,lm_output_kl,6,7,0.2875097990036011,3.9,4.187509799003601,0.9850430577785306,0.014956942221469384,45.995395960130395,66.35732965540438,2.6773455142974854,0.08366705477237701,blocks.6.attn.base.mem.w_gamma
nope-local,nope,local,10,0,-0.014423329383134842,3.9,3.885576670616865,0.9798772574476484,0.020122742552351525,34.09821200557575,49.193321363624655,2.738006591796875,0.08556270599365234,blocks.10.attn.base.mem.w_gamma
nope-local,nope,local,10,1,0.9025787711143494,3.9,4.80257877111435,0.9918582799745072,0.008141720025492826,84.78818095784555,122.32348819387983,4.74916934967041,0.14841154217720032,blocks.10.attn.base.mem.w_gamma
nope-local,nope,local,10,2,-0.26638513803482056,3.9,3.6336148619651794,0.9742595700601626,0.0257404299398374,26.580265235213066,38.34721684035521,2.7016026973724365,0.08442508429288864,blocks.10.attn.base.mem.w_gamma
nope-local,nope,local,10,3,0.551825225353241,3.9,4.451825225353241,0.9884770556823526,0.011522944317647417,59.80640878706333,86.2824093704744,3.898390054702759,0.12182469666004181,blocks.10.attn.base.mem.w_gamma
nope-local,nope,local,10,4,-0.6471948027610779,3.9,3.252805197238922,0.9627737827409927,0.03722621725900735,18.271101240869726,26.359627151782938,2.385507583618164,0.07454710453748703,blocks.10.attn.base.mem.w_gamma
nope-local,nope,local,10,5,-0.8914818167686462,3.9,3.0085181832313537,0.9529574697410103,0.04704253025898977,14.385122377466566,20.75334471655187,2.6677675247192383,0.0833677351474762,blocks.10.attn.base.mem.w_gamma
nope-local,nope,local,10,6,-1.9648895263671875,3.9,1.9351104736328124,0.8738139938473669,0.12618600615263312,5.138696379603722,7.4135717834883605,2.097386360168457,0.06554332375526428,blocks.10.attn.base.mem.w_gamma
nope-local,nope,local,10,7,1.2794204950332642,3.9,5.1794204950332645,0.9944002647969618,0.005599735203038214,123.43523734985416,178.07940479558675,4.471080303192139,0.13972125947475433,blocks.10.attn.base.mem.w_gamma
nope-local,nope,local,14,0,-0.7808029055595398,3.9,3.11919709444046,0.9576776974480332,0.0423223025519668,16.02875162645701,23.124600483130433,2.700779914855957,0.08439937233924866,blocks.14.attn.base.mem.w_gamma
nope-local,nope,local,14,1,-0.35667669773101807,3.9,3.543323302268982,0.971895628917788,0.028104371082212018,24.315102770329077,35.07927818545926,2.2591989040374756,0.07059995830059052,blocks.14.attn.base.mem.w_gamma
nope-local,nope,local,14,2,-0.30252504348754883,3.9,3.597474956512451,0.973337555871243,0.02666244412875693,25.649001233893078,37.00368688389245,2.5630829334259033,0.08009634166955948,blocks.14.attn.base.mem.w_gamma
nope-local,nope,local,14,3,0.465782105922699,3.9,4.365782105922699,0.9874546699847855,0.012545330015214549,54.90410784305748,79.20988410961188,4.376371383666992,0.1367616057395935,blocks.14.attn.base.mem.w_gamma
nope-local,nope,local,14,4,0.6901330947875977,3.9,4.590133094787598,0.9899505102960303,0.010049489703969705,68.6262138782678,99.00669843716233,4.965115547180176,0.1551598608493805,blocks.14.attn.base.mem.w_gamma
nope-local,nope,local,14,5,-0.2275371104478836,3.9,3.6724628895521163,0.9752160528906951,0.02478394710930485,27.619563146635947,39.84660678317126,4.073079586029053,0.1272837519645691,blocks.14.attn.base.mem.w_gamma
nope-local,nope,local,14,6,-0.6785311698913574,3.9,3.2214688301086425,0.9616342420216458,0.03836575797835419,17.71798510158945,25.561649240607633,3.683103322982788,0.11509697884321213,blocks.14.attn.base.mem.w_gamma
nope-local,nope,local,14,7,-0.28103405237197876,3.9,3.618965947628021,0.9738896432242625,0.02611035677573747,26.198727352109277,37.7967740284901,3.6612162590026855,0.11441300809383392,blocks.14.attn.base.mem.w_gamma
nope-local,nope,local,2,0,-1.4505608081817627,3.9,2.449439191818237,0.920520430324459,0.07947956967554108,8.369716958707217,12.07494914997116,1.232895016670227,0.038527972996234894,blocks.2.attn.base.mem.w_gamma
nope-local,nope,local,2,1,0.34738585352897644,3.9,4.247385853528977,0.9859000795331035,0.014099920466896475,48.81225797276365,70.42120251189888,1.6974892616271973,0.053046539425849915,blocks.2.attn.base.mem.w_gamma
nope-local,nope,local,2,2,-2.3820388317108154,3.9,1.5179611682891845,0.820238056030377,0.179761943969623,3.497904934277155,5.046410102182687,1.385661005973816,0.04330190271139145,blocks.2.attn.base.mem.w_gamma
nope-local,nope,local,2,3,-0.6387205719947815,3.9,3.2612794280052184,0.9630763145468701,0.03692368545312985,18.42368004440844,26.57975183499301,1.4010039567947388,0.043781377375125885,blocks.2.attn.base.mem.w_gamma
nope-local,nope,local,2,4,-1.68195378780365,3.9,2.21804621219635,0.9018584020096284,0.09814159799037157,6.710186399200601,9.680752641567278,1.3945186138153076,0.04357871040701866,blocks.2.attn.base.mem.w_gamma
nope-local,nope,local,2,5,13.198732376098633,3.9,17.09873237609863,0.9999999624927809,3.7507219083437014e-08,18480366.83335512,26661533.58429031,3.2909655570983887,0.10284267365932465,blocks.2.attn.base.mem.w_gamma
nope-local,nope,local,2,6,-0.2705790400505066,3.9,3.6294209599494933,0.9741541865184872,0.025845813481512863,26.470461538418743,38.18880359151876,1.964597225189209,0.06139366328716278,blocks.2.attn.base.mem.w_gamma
nope-local,nope,local,2,7,0.7554935812950134,3.9,4.655493581295014,0.990580354952002,0.00941964504799801,73.23815571904504,105.66032405971995,3.2552196979522705,0.10172562301158905,blocks.2.attn.base.mem.w_gamma
nope-local,nope,local,6,0,-1.7868452072143555,3.9,2.1131547927856444,0.89217519563362,0.10782480436637999,6.0752951593866715,8.764798198383875,2.526474952697754,0.07895233482122421,blocks.6.attn.base.mem.w_gamma
nope-local,nope,local,6,1,-0.24153798818588257,3.9,3.6584620118141173,0.9748753948492681,0.02512460515073192,27.240337676391636,39.299500077871,3.0854034423828125,0.0964188426733017,blocks.6.attn.base.mem.w_gamma
nope-local,nope,local,6,2,0.8065370917320251,3.9,4.7065370917320255,0.9910449040208166,0.008955095979183472,77.05544746451731,111.16751193053918,4.1755571365356445,0.1304861605167389,blocks.6.attn.base.mem.w_gamma
nope-local,nope,local,6,3,0.2990291118621826,3.9,4.199029111862183,0.9852118296326953,0.01478817036730471,46.5242993459196,67.12037594719186,2.94047212600708,0.09188976138830185,blocks.6.attn.base.mem.w_gamma
nope-local,nope,local,6,4,-1.0404423475265503,3.9,2.8595576524734496,0.9458106324044496,0.05418936759555042,12.441411088706893,17.949162079338393,2.601933002471924,0.08131039887666702,blocks.6.attn.base.mem.w_gamma
nope-local,nope,local,6,5,-1.4838621616363525,3.9,2.4161378383636474,0.9180496455097032,0.08195035449029674,8.106623349332406,11.695385304436542,2.222445249557495,0.06945142149925232,blocks.6.attn.base.mem.w_gamma
nope-local,nope,local,6,6,0.346218079328537,3.9,4.246218079328537,0.9858838369577818,0.014116163042218164,48.755692121402994,70.33959523865721,3.0163183212280273,0.09425994008779526,blocks.6.attn.base.mem.w_gamma
nope-local,nope,local,6,7,-0.6871270537376404,3.9,3.2128729462623595,0.9613158454875266,0.03868415451247344,17.569263943737734,25.347089963699702,2.336838960647583,0.07302622497081757,blocks.6.attn.base.mem.w_gamma
nope-lm_output,nope,lm_output,10,0,-0.010305718518793583,3.9,3.8896942814812063,0.9799582875226931,0.02004171247730692,34.23748425759334,49.394248750943866,2.7462282180786133,0.08581963181495667,blocks.10.attn.base.mem.w_gamma
nope-lm_output,nope,lm_output,10,1,0.8881506323814392,3.9,4.78815063238144,0.9917409358062826,0.008259064193717414,83.57857917013742,120.57840169330288,4.732110500335693,0.14787845313549042,blocks.10.attn.base.mem.w_gamma
nope-lm_output,nope,lm_output,10,2,-0.26918891072273254,3.9,3.6308110892772674,0.9741891638665232,0.02581083613347675,26.506806552526488,38.24123836313304,2.6921544075012207,0.08412983268499374,blocks.10.attn.base.mem.w_gamma
nope-lm_output,nope,lm_output,10,3,0.5542722344398499,3.9,4.45427223443985,0.9885048942327012,0.01149510576729879,59.95208897465733,86.49258145467202,3.892660617828369,0.12164565175771713,blocks.10.attn.base.mem.w_gamma
nope-lm_output,nope,lm_output,10,4,-0.6397048830986023,3.9,3.2602951169013976,0.9630412961632987,0.036958703836701245,18.405891063944708,26.55408776109552,2.379866123199463,0.07437081634998322,blocks.10.attn.base.mem.w_gamma
nope-lm_output,nope,lm_output,10,5,-0.8959797620773315,3.9,3.0040202379226684,0.9527554176483092,0.04724458235169088,14.322094813248116,20.662415162214604,2.6700022220611572,0.08343756943941116,blocks.10.attn.base.mem.w_gamma
nope-lm_output,nope,lm_output,10,6,-1.9637256860733032,3.9,1.9362743139266967,0.8739422666629293,0.12605773333707077,5.144294433456464,7.42164806802034,2.1011791229248047,0.06566184759140015,blocks.10.attn.base.mem.w_gamma
nope-lm_output,nope,lm_output,10,7,1.2536250352859497,3.9,5.15362503528595,0.994254778562248,0.005745221437751985,120.30069405312092,173.55721472593797,4.465748310089111,0.13955463469028473,blocks.10.attn.base.mem.w_gamma
nope-lm_output,nope,lm_output,14,0,-0.7777965068817139,3.9,3.122203493118286,0.9577993826436086,0.042200617356391336,16.075984306948744,23.192742837043753,2.7159035205841064,0.08487198501825333,blocks.14.attn.base.mem.w_gamma
nope-lm_output,nope,lm_output,14,1,-0.345518559217453,3.9,3.554481440782547,0.9721988085333308,0.027801191466669168,24.584081084660202,35.467331865651445,2.265918016433716,0.07080993056297302,blocks.14.attn.base.mem.w_gamma
nope-lm_output,nope,lm_output,14,2,-0.3031752109527588,3.9,3.596824789047241,0.9733206778188249,0.026679322181175046,25.632553749229114,36.97995817933265,2.5690276622772217,0.08028211444616318,blocks.14.attn.base.mem.w_gamma
nope-lm_output,nope,lm_output,14,3,0.42131584882736206,3.9,4.321315848827362,0.9868917149962014,0.013108285003798592,52.53122008286039,75.78653070538942,4.362190246582031,0.13631846010684967,blocks.14.attn.base.mem.w_gamma
nope-lm_output,nope,lm_output,14,4,0.6196526288986206,3.9,4.519652628898621,0.9892245678435426,0.010775432156457352,63.979425343216086,92.30279966158352,4.981197357177734,0.1556624174118042,blocks.14.attn.base.mem.w_gamma
nope-lm_output,nope,lm_output,14,5,-0.22048045694828033,3.9,3.6795195430517196,0.9753860393664906,0.024613960633509388,27.81272016435805,40.125273454751834,4.103972911834717,0.1282491534948349,blocks.14.attn.base.mem.w_gamma
nope-lm_output,nope,lm_output,14,6,-0.6769807934761047,3.9,3.223019206523895,0.9616914004201582,0.038308599579841826,17.74494515564062,25.600544376889363,3.700770378112793,0.11564907431602478,blocks.14.attn.base.mem.w_gamma
nope-lm_output,nope,lm_output,14,7,-0.28539204597473145,3.9,3.6146079540252685,0.9737785963626729,0.02622140363732709,26.086295736725504,37.63456949453679,3.694566011428833,0.11545518785715103,blocks.14.attn.base.mem.w_gamma
nope-lm_output,nope,lm_output,2,0,-1.4543217420578003,3.9,2.4456782579421996,0.9202448352027276,0.07975516479727243,8.339563872880223,12.031447442581056,1.2286618947982788,0.03839568421244621,blocks.2.attn.base.mem.w_gamma
nope-lm_output,nope,lm_output,2,1,0.356532484292984,3.9,4.256532484292984,0.9860266644084374,0.013973335591562573,49.25760418075642,71.06370127764875,1.7000917196273804,0.05312786251306534,blocks.2.attn.base.mem.w_gamma
nope-lm_output,nope,lm_output,2,2,-2.386892080307007,3.9,1.513107919692993,0.8195213437296649,0.18047865627033507,3.482542018188009,5.024246099327283,1.3835034370422363,0.043234482407569885,blocks.2.attn.base.mem.w_gamma
nope-lm_output,nope,lm_output,2,3,-0.6388823390007019,3.9,3.261117660999298,0.9630705616283158,0.03692943837168422,18.420755305006278,26.57553232796162,1.4003037214279175,0.04375949129462242,blocks.2.attn.base.mem.w_gamma
nope-lm_output,nope,lm_output,2,4,-1.6922909021377563,3.9,2.2077090978622436,0.9009396574963672,0.09906034250363284,6.644623640351489,9.586165574508666,1.4067368507385254,0.04396053031086922,blocks.2.attn.base.mem.w_gamma
nope-lm_output,nope,lm_output,2,5,13.17745304107666,3.9,17.07745304107666,0.9999999616860998,3.831390011219668e-08,18091271.451133367,26100187.60592619,3.266690492630005,0.10208407789468765,blocks.2.attn.base.mem.w_gamma
nope-lm_output,nope,lm_output,2,6,-0.266110897064209,3.9,3.633889102935791,0.9742664465424784,0.025733553457521596,26.587461395676105,38.35759870536867,1.9623154401779175,0.06132236495614052,blocks.2.attn.base.mem.w_gamma
nope-lm_output,nope,lm_output,2,7,0.7452616691589355,3.9,4.645261669158936,0.9904844010353867,0.009515598964613322,72.49612689808724,104.58980275952744,3.2091503143310547,0.10028593987226486,blocks.2.attn.base.mem.w_gamma
nope-lm_output,nope,lm_output,6,0,-1.7899224758148193,3.9,2.1100775241851806,0.891878809199729,0.10812119080027106,6.057654016785191,8.739347409437105,2.537762403488159,0.07930507510900497,blocks.6.attn.base.mem.w_gamma
nope-lm_output,nope,lm_output,6,1,-0.24059808254241943,3.9,3.6594019174575805,0.9748984060235073,0.025101593976492743,27.265629905510117,39.33598905139326,3.0817975997924805,0.09630617499351501,blocks.6.attn.base.mem.w_gamma
nope-lm_output,nope,lm_output,6,2,0.7836695313453674,3.9,4.683669531345368,0.9908396609273604,0.00916033907263962,75.3211834433538,108.66549782761443,4.164297580718994,0.13013429939746857,blocks.6.attn.base.mem.w_gamma
nope-lm_output,nope,lm_output,6,3,0.32028934359550476,3.9,4.220289343595505,0.9855184060590165,0.014481593940983457,47.5165954196543,68.5519565718625,2.959486961364746,0.09248396754264832,blocks.6.attn.base.mem.w_gamma
nope-lm_output,nope,lm_output,6,4,-1.0471495389938354,3.9,2.8528504610061645,0.9454658398402885,0.054534160159711464,12.360517573608174,17.832457406265398,2.5917015075683594,0.08099067211151123,blocks.6.attn.base.mem.w_gamma
nope-lm_output,nope,lm_output,6,5,-1.4836604595184326,3.9,2.4163395404815673,0.9180648191869427,0.0819351808130573,8.108190676180566,11.697646479107835,2.22255277633667,0.06945477426052094,blocks.6.attn.base.mem.w_gamma
nope-lm_output,nope,lm_output,6,6,0.35529953241348267,3.9,4.255299532413483,0.986009666513183,0.013990333486816954,49.19733439763489,70.97675036042386,3.0221738815307617,0.0944429412484169,blocks.6.attn.base.mem.w_gamma
nope-lm_output,nope,lm_output,6,7,-0.6882360577583313,3.9,3.2117639422416686,0.9612745830833542,0.03872541691664579,17.55016949301119,25.31954249432802,2.33463454246521,0.07295732200145721,blocks.6.attn.base.mem.w_gamma
nope-kl,nope,kl,10,0,0.015401271171867847,3.9,3.9154012711718678,0.9804569932499559,0.01954300675004406,35.12007235927156,50.66755422838264,2.7625582218170166,0.08632994443178177,blocks.10.attn.base.mem.w_gamma
nope-kl,nope,kl,10,1,0.8368688821792603,3.9,4.736868882179261,0.9913101250874875,0.008689874912512545,79.41784265575139,114.57572775755251,4.504077911376953,0.14075243473052979,blocks.10.attn.base.mem.w_gamma
nope-kl,nope,kl,10,2,-0.2590017020702362,3.9,3.6409982979297637,0.9744440838912379,0.02555591610876211,26.77469894802887,38.6277253936162,2.692173480987549,0.0841304138302803,blocks.10.attn.base.mem.w_gamma
nope-kl,nope,kl,10,3,0.5824218988418579,3.9,4.482421898841858,0.988820398565054,0.011179601434945983,61.6538407018858,88.94769023236877,3.8838484287261963,0.12137025594711304,blocks.10.attn.base.mem.w_gamma
nope-kl,nope,kl,10,4,-0.6348564028739929,3.9,3.265143597126007,0.9632134800486853,0.036786519951314614,18.493684815986366,26.680747371787056,2.3818564414978027,0.07443301379680634,blocks.10.attn.base.mem.w_gamma
nope-kl,nope,kl,10,5,-0.9077116847038269,3.9,2.992288315296173,0.9522245202341187,0.047775479765881285,14.159028315286417,20.42715993427013,2.675846815109253,0.08362021297216415,blocks.10.attn.base.mem.w_gamma
nope-kl,nope,kl,10,6,-1.977739691734314,3.9,1.922260308265686,0.8723902754619814,0.12760972453801855,5.077317220435137,7.325020374941907,2.1230127811431885,0.06634414941072464,blocks.10.attn.base.mem.w_gamma
nope-kl,nope,kl,10,7,1.2320945262908936,3.9,5.132094526290894,0.9941304736947347,0.005869526305265285,117.74561113829624,169.8710092756603,4.4008660316467285,0.13752704858779907,blocks.10.attn.base.mem.w_gamma
nope-kl,nope,kl,14,0,-0.7814339995384216,3.9,3.1185660004615783,0.9576521111094768,0.042347888890523266,16.018854701652334,23.110322238794677,2.708401918411255,0.08463755995035172,blocks.14.attn.base.mem.w_gamma
nope-kl,nope,kl,14,1,-0.33414188027381897,3.9,3.565858119726181,0.972504654337657,0.02749534566234302,24.86143470861136,35.86746856349836,2.2684850692749023,0.0708901584148407,blocks.14.attn.base.mem.w_gamma
nope-kl,nope,kl,14,2,-0.30022937059402466,3.9,3.5997706294059753,0.9733970674668379,0.026602932533162118,25.707161174602852,37.08759394193284,2.560530662536621,0.08001658320426941,blocks.14.attn.base.mem.w_gamma
nope-kl,nope,kl,14,3,0.33177241683006287,3.9,4.231772416830063,0.9856813806582523,0.01431861934174769,48.06139339804173,69.33793391356836,4.159536838531494,0.1299855262041092,blocks.14.attn.base.mem.w_gamma
nope-kl,nope,kl,14,4,0.46169227361679077,3.9,4.361692273616791,0.9874039042320651,0.012596095767934837,54.68142639407453,78.8886226874662,4.660502910614014,0.14564071595668793,blocks.14.attn.base.mem.w_gamma
nope-kl,nope,kl,14,5,-0.2147226780653,3.9,3.6852773219347,0.9755238950608525,0.024476104939147536,27.97133679263902,40.35410887777532,4.0981926918029785,0.12806852161884308,blocks.14.attn.base.mem.w_gamma
nope-kl,nope,kl,14,6,-0.6773781776428223,3.9,3.2226218223571776,0.9616767576836004,0.03832324231639965,17.738030915954266,25.59056923758234,3.6911075115203857,0.11534710228443146,blocks.14.attn.base.mem.w_gamma
nope-kl,nope,kl,14,7,-0.3170504570007324,3.9,3.5829495429992675,0.972957995794206,0.02704200420579396,25.28408434381216,36.47722309623609,3.6833248138427734,0.11510389298200607,blocks.14.attn.base.mem.w_gamma
nope-kl,nope,kl,2,0,-1.4532794952392578,3.9,2.446720504760742,0.9203212966590273,0.07967870334097266,8.347908687691051,12.043486465525776,1.237143635749817,0.03866073861718178,blocks.2.attn.base.mem.w_gamma
nope-kl,nope,kl,2,1,0.3554868996143341,3.9,4.2554868996143345,0.986012250934181,0.01398774906581898,49.206488589384534,70.98995706746443,1.7116094827651978,0.05348779261112213,blocks.2.attn.base.mem.w_gamma
nope-kl,nope,kl,2,2,-2.3888354301452637,3.9,1.5111645698547362,0.8192337319132993,0.1807662680867007,3.4764111114682503,5.015401070606535,1.3890466690063477,0.043407708406448364,blocks.2.attn.base.mem.w_gamma
nope-kl,nope,kl,2,3,-0.6398892402648926,3.9,3.2601107597351073,0.9630347338231092,0.03696526617689078,18.402561211671422,26.549283799733953,1.410165786743164,0.044067684561014175,blocks.2.attn.base.mem.w_gamma
nope-kl,nope,kl,2,4,-1.682496428489685,3.9,2.217503571510315,0.9018103625030711,0.09818963749692892,6.706727869118588,9.675763037369192,1.4173086881637573,0.044290896505117416,blocks.2.attn.base.mem.w_gamma
nope-kl,nope,kl,2,5,13.348502159118652,3.9,17.24850215911865,0.9999999677098043,3.229019570277176e-08,21466180.501021773,30969152.155651476,3.274914503097534,0.10234107077121735,blocks.2.attn.base.mem.w_gamma
nope-kl,nope,kl,2,6,-0.2612634301185608,3.9,3.638736569881439,0.9743877000250949,0.025612299974905075,26.714986539616742,38.54157859812048,1.9655754566192627,0.06142422929406166,blocks.2.attn.base.mem.w_gamma
nope-kl,nope,kl,2,7,0.7184386849403381,3.9,4.6184386849403385,0.9902282382201009,0.009771761779899081,70.58655530619667,101.83487329368448,3.11358904838562,0.09729965031147003,blocks.2.attn.base.mem.w_gamma
nope-kl,nope,kl,6,0,-1.7953832149505615,3.9,2.1046167850494384,0.8913510967042134,0.10864890329578654,6.026482141853454,8.694375900057876,2.542465925216675,0.07945206016302109,blocks.6.attn.base.mem.w_gamma
nope-kl,nope,kl,6,1,-0.24493011832237244,3.9,3.6550698816776275,0.9747921762147794,0.02520782378522062,27.14925517305505,39.168095801995555,3.0707337856292725,0.09596044570207596,blocks.6.attn.base.mem.w_gamma
nope-kl,nope,kl,6,2,0.7414944767951965,3.9,4.641494476795197,0.9904488293647266,0.009551170635273472,72.22483282225078,104.19840814169564,4.0174078941345215,0.1255439817905426,blocks.6.attn.base.mem.w_gamma
nope-kl,nope,kl,6,3,0.34752634167671204,3.9,4.247526341676712,0.9859020323413714,0.014097967658628578,48.819067534947564,70.43102663349225,3.028927803039551,0.09465399384498596,blocks.6.attn.base.mem.w_gamma
nope-kl,nope,kl,6,4,-1.051487922668457,3.9,2.848512077331543,0.9452417191886681,0.0547582808113319,12.308481659054136,17.757385450390164,2.594295024871826,0.08107172697782516,blocks.6.attn.base.mem.w_gamma
nope-kl,nope,kl,6,5,-1.488119125366211,3.9,2.411880874633789,0.9177288045067343,0.08227119549326563,8.073618151714006,11.647768869508917,2.219743251800537,0.06936698406934738,blocks.6.attn.base.mem.w_gamma
nope-kl,nope,kl,6,6,0.36879539489746094,3.9,4.268795394897461,0.9861946206489776,0.013805379351022402,49.861108317694786,71.93437370316572,3.0302348136901855,0.0946948379278183,blocks.6.attn.base.mem.w_gamma
nope-kl,nope,kl,6,7,-0.6857762336730957,3.9,3.214223766326904,0.9613660480746692,0.03863395192533084,17.592550516271693,25.380685386413745,2.3291568756103516,0.07278615236282349,blocks.6.attn.base.mem.w_gamma
nope-lm_output_kl,nope,lm_output_kl,10,0,0.008119389414787292,3.9,3.908119389414787,0.9803169752958197,0.019683024704180218,34.867759044807556,50.30354306085516,2.7598953247070312,0.08624672889709473,blocks.10.attn.base.mem.w_gamma
nope-lm_output_kl,nope,lm_output_kl,10,1,0.8293529748916626,3.9,4.729352974891663,0.9912451406908083,0.008754859309191768,78.82577050518256,113.72154820207841,4.507044315338135,0.1408451348543167,blocks.10.attn.base.mem.w_gamma
nope-lm_output_kl,nope,lm_output_kl,10,2,-0.2641584575176239,3.9,3.635841542482376,0.9743153515132659,0.025684648486734088,26.638751033027933,38.43159401082515,2.690463066101074,0.08407697081565857,blocks.10.attn.base.mem.w_gamma
nope-lm_output_kl,nope,lm_output_kl,10,3,0.5761129260063171,3.9,4.4761129260063175,0.9887504397629986,0.011249560237001365,61.268264197130975,88.39142092107569,3.8903493881225586,0.12157342582941055,blocks.10.attn.base.mem.w_gamma
nope-lm_output_kl,nope,lm_output_kl,10,4,-0.6355148553848267,3.9,3.2644851446151733,0.9631901418044185,0.03680985819558149,18.48173691361829,26.663510192291604,2.378110647201538,0.07431595772504807,blocks.10.attn.base.mem.w_gamma
nope-lm_output_kl,nope,lm_output_kl,10,5,-0.9047377109527588,3.9,2.995262289047241,0.952359633358562,0.047640366641438045,14.20018395212932,20.486534967448012,2.6694440841674805,0.08342012763023376,blocks.10.attn.base.mem.w_gamma
nope-lm_output_kl,nope,lm_output_kl,10,6,-1.9744516611099243,3.9,1.9255483388900756,0.8727558690851059,0.12724413091489406,5.092947792501327,7.347570523748058,2.114635467529297,0.06608235836029053,blocks.10.attn.base.mem.w_gamma
nope-lm_output_kl,nope,lm_output_kl,10,7,1.2272984981536865,3.9,5.127298498153687,0.9941024220862967,0.005897577913703314,117.18390683779327,169.06064126687866,4.401130199432373,0.13753530383110046,blocks.10.attn.base.mem.w_gamma
nope-lm_output_kl,nope,lm_output_kl,14,0,-0.7738872170448303,3.9,3.1261127829551696,0.9579571125792576,0.04204288742074236,16.137614747471158,23.28165676795324,2.7006075382232666,0.08439398556947708,blocks.14.attn.base.mem.w_gamma
nope-lm_output_kl,nope,lm_output_kl,14,1,-0.3328043520450592,3.9,3.5671956479549407,0.9725403963813974,0.027459603618602595,24.894250243687956,35.91481137321749,2.25869083404541,0.07058408856391907,blocks.14.attn.base.mem.w_gamma
nope-lm_output_kl,nope,lm_output_kl,14,2,-0.2998448610305786,3.9,3.6001551389694213,0.9734070226130198,0.02659297738698016,25.716915627742225,37.10166664310359,2.554171562194824,0.07981786131858826,blocks.14.attn.base.mem.w_gamma
nope-lm_output_kl,nope,lm_output_kl,14,3,0.324786901473999,3.9,4.224786901473999,0.9855824546859931,0.014417545314006894,47.72923066921456,68.85872439192127,4.155853271484375,0.12987041473388672,blocks.14.attn.base.mem.w_gamma
nope-lm_output_kl,nope,lm_output_kl,14,4,0.45239925384521484,3.9,4.352399253845215,0.9872877978477398,0.012712202152260257,54.17881690136752,78.16351046483408,4.672025203704834,0.14600080251693726,blocks.14.attn.base.mem.w_gamma
nope-lm_output_kl,nope,lm_output_kl,14,5,-0.21448200941085815,3.9,3.6855179905891418,0.9755296408547881,0.024470359145211912,27.97798669205813,40.36370265468968,4.099781036376953,0.12811815738677979,blocks.14.attn.base.mem.w_gamma
nope-lm_output_kl,nope,lm_output_kl,14,6,-0.6699915528297424,3.9,3.2300084471702575,0.9619480621303322,0.038051937869667714,17.867003741161852,25.77663769291876,3.681539297103882,0.11504810303449631,blocks.14.attn.base.mem.w_gamma
nope-lm_output_kl,nope,lm_output_kl,14,7,-0.31842750310897827,3.9,3.5815724968910216,0.9729217410936386,0.027078258906361355,25.249763543419153,36.42770864770976,3.6808621883392334,0.11502695083618164,blocks.14.attn.base.mem.w_gamma
nope-lm_output_kl,nope,lm_output_kl,2,0,-1.4515167474746704,3.9,2.4484832525253295,0.9204504632303596,0.07954953676964033,8.362042026162985,12.063876562850439,1.23521888256073,0.03860058635473251,blocks.2.attn.base.mem.w_gamma
nope-lm_output_kl,nope,lm_output_kl,2,1,0.3578648269176483,3.9,4.257864826917649,0.9860450096514346,0.013954990348565358,49.32281602113844,71.15778207637514,1.7176105976104736,0.0536753311753273,blocks.2.attn.base.mem.w_gamma
nope-lm_output_kl,nope,lm_output_kl,2,2,-2.386655807495117,3.9,1.5133441925048827,0.8195562872841847,0.18044371271581527,3.4832882226950694,5.025322644869108,1.388243317604065,0.04338260367512703,blocks.2.attn.base.mem.w_gamma
nope-lm_output_kl,nope,lm_output_kl,2,3,-0.6407398581504822,3.9,3.2592601418495177,0.9630044408876001,0.03699555911239994,18.387205329340365,26.52712994444646,1.4113253355026245,0.044103920459747314,blocks.2.attn.base.mem.w_gamma
nope-lm_output_kl,nope,lm_output_kl,2,4,-1.6831910610198975,3.9,2.2168089389801025,0.9017488367112745,0.09825116328872546,6.702303349659328,9.669379805087,1.4068552255630493,0.04396422579884529,blocks.2.attn.base.mem.w_gamma
nope-lm_output_kl,nope,lm_output_kl,2,5,13.257567405700684,3.9,17.157567405700682,0.999999964635857,3.536414295353093e-08,19600281.822592843,28277229.38548079,3.2938718795776367,0.10293349623680115,blocks.2.attn.base.mem.w_gamma
nope-lm_output_kl,nope,lm_output_kl,2,6,-0.2616531550884247,3.9,3.6383468449115752,0.9743779721295296,0.02562202787047036,26.704710952285872,38.52675405923602,1.964105486869812,0.061378296464681625,blocks.2.attn.base.mem.w_gamma
nope-lm_output_kl,nope,lm_output_kl,2,7,0.7160621881484985,3.9,4.616062188148499,0.9902052157740006,0.009794784225999413,70.41982571708758,101.59433334230735,3.1271462440490723,0.0977233275771141,blocks.2.attn.base.mem.w_gamma
nope-lm_output_kl,nope,lm_output_kl,6,0,-1.792443871498108,3.9,2.107556128501892,0.8916354281439789,0.10836457185602115,6.0432398671929235,8.718552187301709,2.541245937347412,0.07941393554210663,blocks.6.attn.base.mem.w_gamma
nope-lm_output_kl,nope,lm_output_kl,6,1,-0.24618977308273315,3.9,3.6538102269172668,0.9747612049684827,0.025238795031517235,27.115510611335594,39.11941269014593,3.0745315551757812,0.09607911854982376,blocks.6.attn.base.mem.w_gamma
nope-lm_output_kl,nope,lm_output_kl,6,2,0.7386730909347534,3.9,4.638673090934754,0.9904221022416732,0.009577897758326868,72.02231921188663,103.90624276031075,4.014335632324219,0.12544800341129303,blocks.6.attn.base.mem.w_gamma
nope-lm_output_kl,nope,lm_output_kl,6,3,0.3476458787918091,3.9,4.247645878791809,0.9859036937169304,0.014096306283069565,48.8248623387407,70.43938676818753,3.0273401737213135,0.09460438787937164,blocks.6.attn.base.mem.w_gamma
nope-lm_output_kl,nope,lm_output_kl,6,4,-1.0508043766021729,3.9,2.849195623397827,0.9452770886383768,0.05472291136162319,12.316665354520017,17.769192027254935,2.5909171104431152,0.08096615970134735,blocks.6.attn.base.mem.w_gamma
nope-lm_output_kl,nope,lm_output_kl,6,5,-1.4880714416503906,3.9,2.4119285583496093,0.9177324046817323,0.08226759531826762,8.073987077652639,11.648301117131036,2.2193973064422607,0.06935615837574005,blocks.6.attn.base.mem.w_gamma
nope-lm_output_kl,nope,lm_output_kl,6,6,0.3685838282108307,3.9,4.268583828210831,0.986191739916479,0.013808260083520969,49.850633461118996,71.9192616795298,3.0287742614746094,0.09464920312166214,blocks.6.attn.base.mem.w_gamma
nope-lm_output_kl,nope,lm_output_kl,6,7,-0.6850239634513855,3.9,3.2149760365486144,0.9613939787258134,0.038606021274186525,17.60553242288155,25.39941431870107,2.3295044898986816,0.0727970153093338,blocks.6.attn.base.mem.w_gamma
rope-local,rope,local,10,0,-0.4286537170410156,3.9,3.4713462829589843,0.9698613956297188,0.030138604370281177,22.6503077005367,32.677486594173395,1.5455306768417358,0.04829783737659454,blocks.10.attn.base.mem.w_gamma
rope-local,rope,local,10,1,-0.8969921469688416,3.9,3.0030078530311584,0.9527098267479199,0.04729017325208008,14.307947773848671,20.642005298629762,1.1018859148025513,0.03443393111228943,blocks.10.attn.base.mem.w_gamma
rope-local,rope,local,10,2,-0.5537173748016357,3.9,3.346282625198364,0.9659828944915565,0.03401710550844346,20.027857680671026,28.89409095553403,1.2648544311523438,0.03952670097351074,blocks.10.attn.base.mem.w_gamma
rope-local,rope,local,10,3,-0.12259459495544434,3.9,3.7774054050445556,0.9776298885786294,0.022370111421370565,30.63753435796928,44.20061888330751,1.3451894521713257,0.04203717038035393,blocks.10.attn.base.mem.w_gamma
rope-local,rope,local,10,4,-1.0006903409957886,3.9,2.8993096590042113,0.9478123003498398,0.05218769965016026,12.932141901478595,18.65713698933554,1.369050145149231,0.04278281703591347,blocks.10.attn.base.mem.w_gamma
rope-local,rope,local,10,5,-0.28169161081314087,3.9,3.618308389186859,0.9738729172183205,0.026127082781679502,26.18173164140498,37.772254400940625,1.4464644193649292,0.04520201310515404,blocks.10.attn.base.mem.w_gamma
rope-local,rope,local,10,6,-0.6988987326622009,3.9,3.201101267337799,0.9608756988155224,0.039124301184477614,17.36765947017992,25.056236189476813,1.0709477663040161,0.033467117697000504,blocks.10.attn.base.mem.w_gamma
rope-local,rope,local,10,7,0.5332047343254089,3.9,4.433204734325409,0.988263024622696,0.011736975377303982,58.70945695411315,84.69984240098312,2.2893142700195312,0.07154107093811035,blocks.10.attn.base.mem.w_gamma
rope-local,rope,local,14,0,-0.16728204488754272,3.9,3.732717955112457,0.9766314431922556,0.02336855680774441,29.313591938575435,42.29057372042548,0.6267271041870117,0.019585220143198967,blocks.14.attn.base.mem.w_gamma
rope-local,rope,local,14,1,-0.12506671249866486,3.9,3.774933287501335,0.9775757602506138,0.02242423974938618,30.56273760107042,44.09270997305495,1.0780164003372192,0.0336880125105381,blocks.14.attn.base.mem.w_gamma
rope-local,rope,local,14,2,-0.0035675261169672012,3.9,3.8964324738830327,0.9800901987991418,0.019909801200858158,34.4666345247781,49.7248427050297,1.1137561798095703,0.03480488061904907,blocks.14.attn.base.mem.w_gamma
rope-local,rope,local,14,3,-0.49689337611198425,3.9,3.4031066238880157,0.9678014840214116,0.03219851597858833,21.178838080664292,30.554604670764707,0.7529548406600952,0.023529840633273125,blocks.14.attn.base.mem.w_gamma
rope-local,rope,local,14,4,0.18239980936050415,3.9,4.0823998093605045,0.983412835103321,0.016587164896678986,41.440625084498684,59.786184300745035,0.8749895691871643,0.027343424037098885,blocks.14.attn.base.mem.w_gamma
rope-local,rope,local,14,5,-0.17946147918701172,3.9,3.720538520812988,0.9763518588913724,0.023648141108627542,28.962896737765888,41.78462749335399,0.5297261476516724,0.01655394397675991,blocks.14.attn.base.mem.w_gamma
rope-local,rope,local,14,6,0.13239316642284393,3.9,4.032393166422844,0.9825770963255118,0.017422903674488184,39.436088638816045,56.89424951127751,0.6034775972366333,0.01885867677628994,blocks.14.attn.base.mem.w_gamma
rope-local,rope,local,14,7,-0.4206625819206238,3.9,3.479337418079376,0.9700941036648335,0.02990589633516653,22.829281931854354,32.9356918301423,0.5241367220878601,0.016379274427890778,blocks.14.attn.base.mem.w_gamma
rope-local,rope,local,2,0,0.1493900865316391,3.9,4.0493900865316395,0.9828656983283404,0.017134301671659607,40.10620288522946,57.86102001140718,1.9503860473632812,0.06094956770539284,blocks.2.attn.base.mem.w_gamma
rope-local,rope,local,2,1,2.950424909591675,3.9,6.850424909591675,0.9989421146908335,0.0010578853091664615,654.8729571818203,944.7819677385027,2.0374462604522705,0.06367019563913345,blocks.2.attn.base.mem.w_gamma
rope-local,rope,local,2,2,-1.4028459787368774,3.9,2.4971540212631225,0.9239420653033313,0.07605793469666863,8.762268048232194,12.641280660124403,1.2619788646697998,0.039436839520931244,blocks.2.attn.base.mem.w_gamma
rope-local,rope,local,2,3,-0.8640267848968506,3.9,3.0359732151031493,0.9541730723875559,0.04582692761244407,14.776042014872125,21.31732253882298,1.0654140710830688,0.0332941897213459,blocks.2.attn.base.mem.w_gamma
rope-local,rope,local,2,4,-0.5016610622406006,3.9,3.3983389377593993,0.9676525826582428,0.03234741734175716,21.079734894994978,30.41162899626329,1.022722840309143,0.03196008503437042,blocks.2.attn.base.mem.w_gamma
rope-local,rope,local,2,5,0.03539234772324562,3.9,3.9353923477232455,0.9808363871621334,0.019163612837866644,35.822272431456234,51.68061479023534,1.280106544494629,0.04000333324074745,blocks.2.attn.base.mem.w_gamma
rope-local,rope,local,2,6,-0.6446103453636169,3.9,3.255389654636383,0.9628663000910991,0.03713369990890095,18.31749755380787,26.426562882374327,0.7340672612190247,0.02293960191309452,blocks.2.attn.base.mem.w_gamma
rope-local,rope,local,2,7,-1.3003703355789185,3.9,2.5996296644210815,0.930837741685275,0.06916225831472496,9.671330702376304,13.95278084311547,0.9468957185745239,0.029590489342808723,blocks.2.attn.base.mem.w_gamma
rope-local,rope,local,6,0,0.266203373670578,3.9,4.166203373670578,0.9847258793768481,0.015274120623151912,45.03303403976388,64.96893488535123,2.4622786045074463,0.0769462063908577,blocks.6.attn.base.mem.w_gamma
rope-local,rope,local,6,1,-1.2100237607955933,3.9,2.6899762392044066,0.9364325672798992,0.06356743272010085,10.553757171895146,15.22585313463946,1.5847164392471313,0.04952239245176315,blocks.6.attn.base.mem.w_gamma
rope-local,rope,local,6,2,-1.0937546491622925,3.9,2.8062453508377074,0.9430123795291737,0.056987620470826304,11.813155848549632,17.04278135995101,1.5943487882614136,0.049823399633169174,blocks.6.attn.base.mem.w_gamma
rope-local,rope,local,6,3,0.15919674932956696,3.9,4.059196749329567,0.9830300698987579,0.016969930101242196,40.49804977916549,58.42633558207643,2.4917960166931152,0.07786862552165985,blocks.6.attn.base.mem.w_gamma
rope-local,rope,local,6,4,-0.1072067841887474,3.9,3.7927932158112525,0.9779639533622759,0.02203604663772408,31.10729061265618,44.878333902370876,2.3834171295166016,0.0744817852973938,blocks.6.attn.base.mem.w_gamma
rope-local,rope,local,6,5,-0.886483907699585,3.9,3.013516092300415,0.9531810171177045,0.046818982882295475,14.45548888706911,20.85486213100013,1.8742715120315552,0.0585709847509861,blocks.6.attn.base.mem.w_gamma
rope-local,rope,local,6,6,0.34508955478668213,3.9,4.2450895547866825,0.9858681227830753,0.014131877216924642,48.7010902107522,70.26082133293825,3.113302707672119,0.09729071706533432,blocks.6.attn.base.mem.w_gamma
rope-local,rope,local,6,7,-0.3759686350822449,3.9,3.524031364917755,0.9713638543312587,0.028636145668741335,23.85707207832546,34.4184795775307,1.8736050128936768,0.0585501529276371,blocks.6.attn.base.mem.w_gamma
rope-lm_output,rope,lm_output,10,0,-0.38799428939819336,3.9,3.5120057106018066,0.9710274444545214,0.028972555545478625,23.57599609000625,34.01297264306961,1.612585425376892,0.050393298268318176,blocks.10.attn.base.mem.w_gamma
rope-lm_output,rope,lm_output,10,1,-0.8674067854881287,3.9,3.0325932145118712,0.9540250486178834,0.04597495138211662,14.727334630987672,21.247052637638205,1.1298694610595703,0.03530842438340187,blocks.10.attn.base.mem.w_gamma
rope-lm_output,rope,lm_output,10,2,-0.546094536781311,3.9,3.353905463218689,0.9662324926976507,0.03376750730234929,20.17848841274264,29.111405165699217,1.2662646770477295,0.039570774883031845,blocks.10.attn.base.mem.w_gamma
rope-lm_output,rope,lm_output,10,3,-0.10173746198415756,3.9,3.7982625380158423,0.9780815121596993,0.021918487840300732,31.276005806943253,45.12173847649145,1.3937705755233765,0.043555330485105515,blocks.10.attn.base.mem.w_gamma
rope-lm_output,rope,lm_output,10,4,-1.0045101642608643,3.9,2.8954898357391357,0.9476230325385778,0.05237696746142217,12.884135619380356,18.58787856422089,1.3867747783660889,0.04333671182394028,blocks.10.attn.base.mem.w_gamma
rope-lm_output,rope,lm_output,10,5,-0.243094801902771,3.9,3.656905198097229,0.9748372350478844,0.02516276495211559,27.198497122079395,39.23913691765669,1.5150656700134277,0.04734579846262932,blocks.10.attn.base.mem.w_gamma
rope-lm_output,rope,lm_output,10,6,-0.689931333065033,3.9,3.210068666934967,0.9612114258002719,0.03878857419972817,17.521021709926632,25.277491132219016,1.0468581914901733,0.032714322209358215,blocks.10.attn.base.mem.w_gamma
rope-lm_output,rope,lm_output,10,7,0.53304123878479,3.9,4.43304123878479,0.988261128050753,0.011738871949247096,58.6999154406066,84.68607690676464,2.2268333435058594,0.0695885419845581,blocks.10.attn.base.mem.w_gamma
rope-lm_output,rope,lm_output,14,0,-0.15363498032093048,3.9,3.7463650196790694,0.9769408852721396,0.023059114727860354,29.711653529769706,42.86485520400982,0.6413407921791077,0.020041897892951965,blocks.14.attn.base.mem.w_gamma
rope-lm_output,rope,lm_output,14,1,-0.11956118792295456,3.9,3.7804388120770454,0.9776961322210448,0.02230386777895523,30.729566558231323,44.33339328222766,1.065184235572815,0.03328700736165047,blocks.14.attn.base.mem.w_gamma
rope-lm_output,rope,lm_output,14,2,0.005876551847904921,3.9,3.905876551847905,0.9802736517388562,0.019726348261143885,34.7904152694441,50.19195957969467,1.0935312509536743,0.03417285531759262,blocks.14.attn.base.mem.w_gamma
rope-lm_output,rope,lm_output,14,3,-0.5166555047035217,3.9,3.383344495296478,0.9671799352482787,0.032820064751721265,20.77111536154484,29.966385125833312,0.785561740398407,0.02454880252480507,blocks.14.attn.base.mem.w_gamma
rope-lm_output,rope,lm_output,14,4,0.17968131601810455,3.9,4.079681316018105,0.9833684326316683,0.016631567368331688,41.329057657392866,59.625226526934725,0.8431918621063232,0.0263497456908226,blocks.14.attn.base.mem.w_gamma
rope-lm_output,rope,lm_output,14,5,-0.17684753239154816,3.9,3.7231524676084518,0.9764121369745248,0.023587863025475175,29.03780331690595,41.89269484360931,0.5421110987663269,0.016940971836447716,blocks.14.attn.base.mem.w_gamma
rope-lm_output,rope,lm_output,14,6,0.13789531588554382,3.9,4.037895315885544,0.9826710398495603,0.017328960150439745,39.6517688945691,57.2054103466701,0.5981570482254028,0.01869240775704384,blocks.14.attn.base.mem.w_gamma
rope-lm_output,rope,lm_output,14,7,-0.4286368191242218,3.9,3.471363180875778,0.9698618895564489,0.030138110443551126,22.650684649649072,32.67803041678848,0.5545070767402649,0.017328348010778427,blocks.14.attn.base.mem.w_gamma
rope-lm_output,rope,lm_output,2,0,0.15008527040481567,3.9,4.050085270404816,0.9828774017943782,0.01712259820562182,40.133854130099174,57.90091232525512,1.9421546459197998,0.060692332684993744,blocks.2.attn.base.mem.w_gamma
rope-lm_output,rope,lm_output,2,1,2.939720392227173,3.9,6.839720392227173,0.9989307418860172,0.0010692581139828913,647.9039333919484,934.7277916770173,2.015146255493164,0.06297332793474197,blocks.2.attn.base.mem.w_gamma
rope-lm_output,rope,lm_output,2,2,-1.3877571821212769,3.9,2.512242817878723,0.9249956427106876,0.07500435728931246,8.890348865202878,12.826062219601015,1.231805682182312,0.03849392756819725,blocks.2.attn.base.mem.w_gamma
rope-lm_output,rope,lm_output,2,3,-0.8669668436050415,3.9,3.0330331563949584,0.9540443411672084,0.04595565883279165,14.73366508616259,21.256185553925633,1.0848664045333862,0.03390207141637802,blocks.2.attn.base.mem.w_gamma
rope-lm_output,rope,lm_output,2,4,-0.4883090555667877,3.9,3.411690944433212,0.9680679150983119,0.031932084901688106,21.358470884941106,30.813760026675848,1.0414557456970215,0.03254549205303192,blocks.2.attn.base.mem.w_gamma
rope-lm_output,rope,lm_output,2,5,0.03571610897779465,3.9,3.9357161089777946,0.9808424717507921,0.01915752824920793,35.8337606679607,51.697188812068894,1.2747076749801636,0.03983461484313011,blocks.2.attn.base.mem.w_gamma
rope-lm_output,rope,lm_output,2,6,-0.6468533277511597,3.9,3.2531466722488402,0.962786019416991,0.03721398058300891,18.277224546771922,26.368461214841883,0.7348662614822388,0.02296457067131996,blocks.2.attn.base.mem.w_gamma
rope-lm_output,rope,lm_output,2,7,-1.2853533029556274,3.9,2.6146466970443725,0.9317982881360708,0.06820171186392922,9.812539777788569,14.15650247594126,0.9213948845863342,0.028793590143322945,blocks.2.attn.base.mem.w_gamma
rope-lm_output,rope,lm_output,6,0,0.2874453365802765,3.9,4.187445336580277,0.9850421080089898,0.014957891991010172,45.992453309457105,66.35308430787096,2.4950308799743652,0.07796971499919891,blocks.6.attn.base.mem.w_gamma
rope-lm_output,rope,lm_output,6,1,-1.2545405626296997,3.9,2.6454594373703,0.9337305832785722,0.06626941672142789,10.108999560052585,14.584203533636575,1.6687028408050537,0.05214696004986763,blocks.6.attn.base.mem.w_gamma
rope-lm_output,rope,lm_output,6,2,-1.1020501852035522,3.9,2.7979498147964477,0.9425649353576597,0.0574350646423403,11.718372448366445,16.906037818548132,1.6004421710968018,0.050013817846775055,blocks.6.attn.base.mem.w_gamma
rope-lm_output,rope,lm_output,6,3,0.19196805357933044,3.9,4.091968053579331,0.9835681928195494,0.016431807180450543,41.83572853899619,60.35619809518669,2.567432403564453,0.08023226261138916,blocks.6.attn.base.mem.w_gamma
rope-lm_output,rope,lm_output,6,4,-0.09325184673070908,3.9,3.806748153269291,0.9782626912568649,0.02173730874313505,31.53959937984865,45.50202361693228,2.4737493991851807,0.0773046612739563,blocks.6.attn.base.mem.w_gamma
rope-lm_output,rope,lm_output,6,5,-0.9023848176002502,3.9,2.9976151823997497,0.9524662723722683,0.047533727627731705,14.232831505782528,20.53363543120065,1.9294489622116089,0.06029528006911278,blocks.6.attn.base.mem.w_gamma
rope-lm_output,rope,lm_output,6,6,0.37839773297309875,3.9,4.278397732973099,0.9863247459699802,0.013675254030019821,50.338869053834024,72.62363674792526,3.1272964477539062,0.09772801399230957,blocks.6.attn.base.mem.w_gamma
rope-lm_output,rope,lm_output,6,7,-0.36186209321022034,3.9,3.5381379067897796,0.9717536452420645,0.028246354757935434,24.191121193145467,34.90041057889487,1.933436393737793,0.06041988730430603,blocks.6.attn.base.mem.w_gamma
rope-kl,rope,kl,10,0,-0.39410293102264404,3.9,3.505897068977356,0.9708550937691478,0.02914490623085222,23.43450780538077,33.80884819649654,1.591841459274292,0.04974504932761192,blocks.10.attn.base.mem.w_gamma
rope-kl,rope,kl,10,1,-0.8710135221481323,3.9,3.0289864778518676,0.9538665933141828,0.0461334066858172,14.675541056211554,21.17233030415879,1.116544485092163,0.034892015159130096,blocks.10.attn.base.mem.w_gamma
rope-kl,rope,kl,10,2,-0.5448827743530273,3.9,3.3551172256469726,0.966272006859917,0.033727993140083,20.202539315934843,29.146103284463507,1.2518513202667236,0.039120353758335114,blocks.10.attn.base.mem.w_gamma
rope-kl,rope,kl,10,3,-0.10652719438076019,3.9,3.7934728056192397,0.9779785940786118,0.022021405921388293,31.128204127029406,44.90850572584469,1.3816914558410645,0.043177854269742966,blocks.10.attn.base.mem.w_gamma
rope-kl,rope,kl,10,4,-0.9987558722496033,3.9,2.9012441277503966,0.9479079043402645,0.052092095659735535,12.956523673725114,18.692312451243676,1.3768202066421509,0.043025631457567215,blocks.10.attn.base.mem.w_gamma
rope-kl,rope,kl,10,5,-0.25011083483695984,3.9,3.64988916516304,0.974664560010916,0.025335439989084035,27.010741964644716,38.968263483124346,1.5022592544555664,0.04694559797644615,blocks.10.attn.base.mem.w_gamma
rope-kl,rope,kl,10,6,-0.6911194920539856,3.9,3.2088805079460143,0.961167102172118,0.03883289782788206,17.500622476172765,25.24806125884438,1.032368779182434,0.032261524349451065,blocks.10.attn.base.mem.w_gamma
rope-kl,rope,kl,10,7,0.5201715230941772,3.9,4.420171523094178,0.9881108835373901,0.011889116462609962,57.95371887267884,83.60954281868689,2.177995204925537,0.06806235760450363,blocks.10.attn.base.mem.w_gamma
rope-kl,rope,kl,14,0,-0.15266965329647064,3.9,3.7473303467035293,0.9769626215632236,0.023037378436776463,29.740016707990865,42.90577462057334,0.6244724988937378,0.019514765590429306,blocks.14.attn.base.mem.w_gamma
rope-kl,rope,kl,14,1,-0.12170421332120895,3.9,3.778295786678791,0.9776493526697031,0.02235064733029693,30.664519197762388,44.23954977785621,1.0451793670654297,0.03266185149550438,blocks.14.attn.base.mem.w_gamma
rope-kl,rope,kl,14,2,0.0037560027558356524,3.9,3.9037560027558356,0.9802326044267167,0.01976739557328333,34.717447943350514,50.08668998019253,1.0718024969100952,0.033493828028440475,blocks.14.attn.base.mem.w_gamma
rope-kl,rope,kl,14,3,-0.5122169852256775,3.9,3.3877830147743224,0.9673205349875216,0.03267946501247844,20.86198854267349,30.097487413597417,0.7656704187393188,0.023927200585603714,blocks.14.attn.base.mem.w_gamma
rope-kl,rope,kl,14,4,0.1753692775964737,3.9,4.075369277596474,0.9832977622339046,0.0167022377660954,41.152711752423336,59.37081316435411,0.7848803997039795,0.02452751435339451,blocks.14.attn.base.mem.w_gamma
rope-kl,rope,kl,14,5,-0.1758485734462738,3.9,3.724151426553726,0.9764351335268981,0.0235648664731019,29.066481736443798,41.93406905725709,0.5201966166496277,0.016256144270300865,blocks.14.attn.base.mem.w_gamma
rope-kl,rope,kl,14,6,0.13864393532276154,3.9,4.038643935322762,0.9826837832356328,0.01731621676436718,39.681206049669626,57.24787918435151,0.5803418159484863,0.018135681748390198,blocks.14.attn.base.mem.w_gamma
rope-kl,rope,kl,14,7,-0.4246750473976135,3.9,3.4753249526023864,0.9699774760566683,0.03002252394333169,22.7392376161666,32.80578534243933,0.5231821537017822,0.016349440440535545,blocks.14.attn.base.mem.w_gamma
rope-kl,rope,kl,2,0,0.13922908902168274,3.9,4.039229089021683,0.9826937376129494,0.01730626238705058,39.70423076653591,57.28109682919236,1.9166417121887207,0.059895049780607224,blocks.2.attn.base.mem.w_gamma
rope-kl,rope,kl,2,1,2.9358513355255127,3.9,6.835851335525513,0.9989266013015047,0.0010733986984953147,645.4033373636374,931.1201941877064,2.0220205783843994,0.06318814307451248,blocks.2.attn.base.mem.w_gamma
rope-kl,rope,kl,2,2,-1.3889920711517334,3.9,2.5110079288482665,0.9249099227336939,0.07509007726630612,8.879793853751096,12.810834556923004,1.2290327548980713,0.038407277315855026,blocks.2.attn.base.mem.w_gamma
rope-kl,rope,kl,2,3,-0.8674560785293579,3.9,3.032543921470642,0.954022886514833,0.04597711348516695,14.7266255121198,21.246029595364128,1.0729739665985107,0.03353043645620346,blocks.2.attn.base.mem.w_gamma
rope-kl,rope,kl,2,4,-0.48844826221466064,3.9,3.4115517377853393,0.9680636116025908,0.03193638839740921,21.355545575038473,30.809539696586256,1.030030369758606,0.032188452780246735,blocks.2.attn.base.mem.w_gamma
rope-kl,rope,kl,2,5,0.03642391785979271,3.9,3.9364239178597926,0.9808557673202473,0.019144232679752748,35.8588892797784,51.733441735722714,1.2706329822540283,0.039707280695438385,blocks.2.attn.base.mem.w_gamma
rope-kl,rope,kl,2,6,-0.6459581255912781,3.9,3.254041874408722,0.9628180804203061,0.03718191957969385,18.29328717624639,26.39163469072834,0.7304039597511292,0.022825121879577637,blocks.2.attn.base.mem.w_gamma
rope-kl,rope,kl,2,7,-1.2853502035140991,3.9,2.614649796485901,0.9317984851060551,0.06820151489394491,9.812569141895391,14.156544839392554,0.9163607358932495,0.028636272996664047,blocks.2.attn.base.mem.w_gamma
rope-kl,rope,kl,6,0,0.2791852653026581,3.9,4.179185265302658,0.9849199139777377,0.015080086022262316,45.6169536653643,65.8113528334827,2.4843709468841553,0.07763659954071045,blocks.6.attn.base.mem.w_gamma
rope-kl,rope,kl,6,1,-1.2462341785430908,3.9,2.653765821456909,0.9342427158735608,0.06575728412643925,10.190492436560454,14.701772902442258,1.6489582061767578,0.05152994021773338,blocks.6.attn.base.mem.w_gamma
rope-kl,rope,kl,6,2,-1.0896066427230835,3.9,2.8103933572769164,0.9432348843283239,0.05676511567167607,11.860845801043691,17.111583417914417,1.5848970413208008,0.049528032541275024,blocks.6.attn.base.mem.w_gamma
rope-kl,rope,kl,6,3,0.18137146532535553,3.9,4.081371465325356,0.9833960523822292,0.016603947617770808,41.398386003852394,59.72524618856492,2.555299758911133,0.0798531174659729,blocks.6.attn.base.mem.w_gamma
rope-kl,rope,kl,6,4,-0.09262312948703766,3.9,3.8073768705129623,0.9782760567827992,0.021723943217200864,31.55921872692947,45.53032835167125,2.4468042850494385,0.07646263390779495,blocks.6.attn.base.mem.w_gamma
rope-kl,rope,kl,6,5,-0.8959556818008423,3.9,3.0040443181991576,0.9527565015507028,0.04724349844929716,14.32243148473588,20.66290087650041,1.907150387763977,0.05959844961762428,blocks.6.attn.base.mem.w_gamma
rope-kl,rope,kl,6,6,0.35548603534698486,3.9,4.255486035346985,0.9860122390141213,0.01398776098587873,49.20644635997205,70.98989614330046,3.074514627456665,0.09607858210802078,blocks.6.attn.base.mem.w_gamma
rope-kl,rope,kl,6,7,-0.36150944232940674,3.9,3.538490557670593,0.9717633233689367,0.028236676631063377,24.19953263572686,34.91254572539377,1.9160910844802856,0.059877846390008926,blocks.6.attn.base.mem.w_gamma
rope-lm_output_kl,rope,lm_output_kl,10,0,-0.39335766434669495,3.9,3.506642335653305,0.9708761740496603,0.02912382595033965,23.451723414609624,33.833685070556896,1.5922778844833374,0.049758683890104294,blocks.10.attn.base.mem.w_gamma
rope-lm_output_kl,rope,lm_output_kl,10,1,-0.8722956776618958,3.9,3.027704322338104,0.9538101390681973,0.04618986093180267,14.657173950436473,21.145832171741596,1.1170477867126465,0.0349077470600605,blocks.10.attn.base.mem.w_gamma
rope-lm_output_kl,rope,lm_output_kl,10,2,-0.5453377962112427,3.9,3.3546622037887572,0.9662571743617766,0.03374282563822344,20.193504684573824,29.133069066602708,1.2516497373580933,0.039114050567150116,blocks.10.attn.base.mem.w_gamma
rope-lm_output_kl,rope,lm_output_kl,10,3,-0.10590488463640213,3.9,3.794095115363598,0.9779919924439846,0.02200800755601541,31.147367389280166,44.93615246926112,1.382260799407959,0.04319564625620842,blocks.10.attn.base.mem.w_gamma
rope-lm_output_kl,rope,lm_output_kl,10,4,-1.0002472400665283,3.9,2.8997527599334716,0.9478342136093385,0.052165786390661474,12.937722521510322,18.665188122180396,1.3768059015274048,0.0430251844227314,blocks.10.attn.base.mem.w_gamma
rope-lm_output_kl,rope,lm_output_kl,10,5,-0.25101980566978455,3.9,3.6489801943302154,0.9746421046022552,0.025357895397744766,26.986513347820733,38.93330897778479,1.5014547109603882,0.04692045971751213,blocks.10.attn.base.mem.w_gamma
rope-lm_output_kl,rope,lm_output_kl,10,6,-0.6908884048461914,3.9,3.2091115951538085,0.9611757265607975,0.0388242734392025,17.504588062465984,25.253782390523828,1.0321078300476074,0.03225336968898773,blocks.10.attn.base.mem.w_gamma
rope-lm_output_kl,rope,lm_output_kl,10,7,0.5187491774559021,3.9,4.4187491774559025,0.9880941625486186,0.011905837451381393,57.87183788539422,83.49141352438828,2.175469398498535,0.06798341125249863,blocks.10.attn.base.mem.w_gamma
rope-lm_output_kl,rope,lm_output_kl,14,0,-0.15348251163959503,3.9,3.746517488360405,0.9769443197441287,0.023055680255871392,29.716131534654835,42.871315599450675,0.624273955821991,0.01950855925679207,blocks.14.attn.base.mem.w_gamma
rope-lm_output_kl,rope,lm_output_kl,14,1,-0.12200623005628586,3.9,3.777993769943714,0.9776427523209597,0.022357247679040338,30.65536326915894,44.226340565065286,1.045611023902893,0.03267534822225571,blocks.14.attn.base.mem.w_gamma
rope-lm_output_kl,rope,lm_output_kl,14,2,0.002026560017839074,3.9,3.902026560017839,0.9801990657809656,0.01980093421903442,34.658052886782414,50.001001026628416,1.068813681602478,0.03340042755007744,blocks.14.attn.base.mem.w_gamma
rope-lm_output_kl,rope,lm_output_kl,14,3,-0.5110898017883301,3.9,3.38891019821167,0.9673561482033214,0.0326438517966786,20.885130507248377,30.130874211126034,0.7663389444351196,0.02394809201359749,blocks.14.attn.base.mem.w_gamma
rope-lm_output_kl,rope,lm_output_kl,14,4,0.17411303520202637,3.9,4.074113035202027,0.9832771180909294,0.016722881909070546,41.10147910309542,59.296900075237126,0.7761411070823669,0.024254411458969116,blocks.14.attn.base.mem.w_gamma
rope-lm_output_kl,rope,lm_output_kl,14,5,-0.17584918439388275,3.9,3.724150815606117,0.9764351194692562,0.023564880530743817,29.06646418841683,41.93404374080561,0.519542396068573,0.016235701739788055,blocks.14.attn.base.mem.w_gamma
rope-lm_output_kl,rope,lm_output_kl,14,6,0.13848567008972168,3.9,4.038485670089722,0.9826810899308556,0.017318910069144395,39.67498091951118,57.23889821994302,0.5793378949165344,0.01810430735349655,blocks.14.attn.base.mem.w_gamma
rope-lm_output_kl,rope,lm_output_kl,14,7,-0.42464280128479004,3.9,3.47535719871521,0.9699784150870351,0.030021584912964885,22.739959816873004,32.806827257816984,0.5226070284843445,0.016331469640135765,blocks.14.attn.base.mem.w_gamma
rope-lm_output_kl,rope,lm_output_kl,2,0,0.1446024775505066,3.9,4.044602477550507,0.9827848848906802,0.01721511510931984,39.91629475235498,57.587040489884686,1.920423984527588,0.06001325324177742,blocks.2.attn.base.mem.w_gamma
rope-lm_output_kl,rope,lm_output_kl,2,1,2.929821729660034,3.9,6.8298217296600345,0.9989201165891232,0.0010798834108768898,641.52560092654,925.5258030600316,2.0202600955963135,0.0631331205368042,blocks.2.attn.base.mem.w_gamma
rope-lm_output_kl,rope,lm_output_kl,2,2,-1.3909419775009155,3.9,2.5090580224990844,0.9247743864470892,0.07522561355291085,8.863153840152115,12.786828091823429,1.229589581489563,0.03842467442154884,blocks.2.attn.base.mem.w_gamma
rope-lm_output_kl,rope,lm_output_kl,2,3,-0.8661069869995117,3.9,3.033893013000488,0.9540820257785525,0.04591797422144751,14.746045860742026,21.274047236013747,1.0740476846694946,0.033563993871212006,blocks.2.attn.base.mem.w_gamma
rope-lm_output_kl,rope,lm_output_kl,2,4,-0.49073556065559387,3.9,3.409264439344406,0.9679928206841645,0.03200717931583553,21.307538193809336,30.74027968576091,1.0314154624938965,0.032231733202934265,blocks.2.attn.base.mem.w_gamma
rope-lm_output_kl,rope,lm_output_kl,2,5,0.03615230321884155,3.9,3.9361523032188415,0.9808506663473806,0.019149333652619442,35.84924432112209,51.719527001699674,1.272886872291565,0.039777714759111404,blocks.2.attn.base.mem.w_gamma
rope-lm_output_kl,rope,lm_output_kl,2,6,-0.6458786129951477,3.9,3.254121387004852,0.9628209268207344,0.03717907317926563,18.294714567548947,26.393693981081945,0.7305042147636414,0.02282825857400894,blocks.2.attn.base.mem.w_gamma
rope-lm_output_kl,rope,lm_output_kl,2,7,-1.2869248390197754,3.9,2.6130751609802245,0.931698348847707,0.06830165115229306,9.797662752847941,14.135039465836234,0.9184061884880066,0.028700195252895355,blocks.2.attn.base.mem.w_gamma
rope-lm_output_kl,rope,lm_output_kl,6,0,0.28475454449653625,3.9,4.184754544496537,0.9850024096772795,0.014997590322720553,45.86979016872538,66.17611880303744,2.484307289123535,0.07763460278511047,blocks.6.attn.base.mem.w_gamma
rope-lm_output_kl,rope,lm_output_kl,6,1,-1.244546890258789,3.9,2.655453109741211,0.9343462955830211,0.06565370441697896,10.207129022524937,14.72577442251054,1.6502561569213867,0.051570504903793335,blocks.6.attn.base.mem.w_gamma
rope-lm_output_kl,rope,lm_output_kl,6,2,-1.0887095928192139,3.9,2.811290407180786,0.9432828958326132,0.05671710416738683,11.87118528083192,17.126500134130268,1.583838701248169,0.04949495941400528,blocks.6.attn.base.mem.w_gamma
rope-lm_output_kl,rope,lm_output_kl,6,3,0.18112418055534363,3.9,4.081124180555344,0.9833920141703726,0.01660798582962737,41.388235294593464,59.71060181065556,2.557196855545044,0.07991240173578262,blocks.6.attn.base.mem.w_gamma
rope-lm_output_kl,rope,lm_output_kl,6,4,-0.09430885314941406,3.9,3.805691146850586,0.9782402028623353,0.021759797137664773,31.506642901714194,45.45447746936253,2.447997808456421,0.07649993151426315,blocks.6.attn.base.mem.w_gamma
rope-lm_output_kl,rope,lm_output_kl,6,5,-0.8940356969833374,3.9,3.0059643030166625,0.9528428479576839,0.047157152042316124,14.349301302304225,20.70166582905585,1.9044673442840576,0.0595146082341671,blocks.6.attn.base.mem.w_gamma
rope-lm_output_kl,rope,lm_output_kl,6,6,0.3536856472492218,3.9,4.253685647249222,0.9859873861352649,0.014012613864735044,49.11855584668358,70.863096935638,3.072500705718994,0.09601563960313797,blocks.6.attn.base.mem.w_gamma
rope-lm_output_kl,rope,lm_output_kl,6,7,-0.36062943935394287,3.9,3.539370560646057,0.9717874600713133,0.028212539928686633,24.220535440495834,34.942846367678726,1.919092059135437,0.05997162684798241,blocks.6.attn.base.mem.w_gamma
